read_id	speed	exp	mutant	HU
db211cc9-4afe-44cd-a76c-80e6a33db389	2350	BT15_BT1	WT	0
db211cc9-4afe-44cd-a76c-80e6a33db389	2800	BT15_BT1	WT	0
8cde4b53-5d6e-444a-9018-841482966910	3300	BT15_BT1	WT	0
67134757-7a39-4907-900c-89e1f8e5df98	2300	BT15_BT1	WT	0
8fb303a8-5523-42e4-b549-d0a6ba0bd056	1600	BT15_BT1	WT	0
8fb303a8-5523-42e4-b549-d0a6ba0bd056	1650	BT15_BT1	WT	0
979dca3b-ce80-473c-a876-a9dd85d86c7a	5000	BT15_BT1	WT	0
979dca3b-ce80-473c-a876-a9dd85d86c7a	800	BT15_BT1	WT	0
979dca3b-ce80-473c-a876-a9dd85d86c7a	1150	BT15_BT1	WT	0
979dca3b-ce80-473c-a876-a9dd85d86c7a	3450	BT15_BT1	WT	0
e23d99a4-5648-4258-8c59-65b6161c718e	1850	BT15_BT1	WT	0
8353ec48-1bc6-4860-9db2-e934a2a87cd8	750	BT15_BT1	WT	0
5bcb14fc-d753-4f5b-b429-fe8ad1c71c8d	2400	BT15_BT1	WT	0
daebe83c-ef64-4a23-b2b6-fa42099285a5	2450	BT15_BT1	WT	0
a66adb1e-d954-4bca-9fd3-726eb868a153	1400	BT15_BT1	WT	0
773b62e3-d6fb-4783-a19c-a2d5aea725fd	2800	BT15_BT1	WT	0
5c69d4e8-1bbf-40ad-8bd2-5f6193f6c498	2200	BT15_BT1	WT	0
8a7168ee-f612-4183-bb38-c149e75e7f59	2600	BT15_BT1	WT	0
6c95e5c7-863d-41bc-b007-3a87bd9fa365	3050	BT15_BT1	WT	0
4f8d2b2c-10a7-475c-bd88-a7f2a19d9bc3	1450	BT15_BT1	WT	0
8f766108-ccd1-4fca-96ae-0ec10ee08c6d	2050	BT15_BT1	WT	0
8f766108-ccd1-4fca-96ae-0ec10ee08c6d	2250	BT15_BT1	WT	0
92752a76-b2a8-409f-b60e-450b685a27c5	2350	BT15_BT1	WT	0
910acd5a-2ddf-491c-9f1f-62043be3c373	2500	BT15_BT1	WT	0
b70a8a68-fbdb-4b80-b60d-6367e4e0786e	2050	BT15_BT1	WT	0
e55f6481-12d7-4dc4-b2ec-82fdb9b01e83	1250	BT15_BT1	WT	0
e805d030-e915-4609-b3b5-1e2f1c91a411	2350	BT15_BT1	WT	0
7df88c6f-3a00-4747-8b3d-55c78353082a	1200	BT15_BT1	WT	0
7df88c6f-3a00-4747-8b3d-55c78353082a	2550	BT15_BT1	WT	0
8285e061-de1b-40f2-af66-35c1ea408862	2850	BT15_BT1	WT	0
8285e061-de1b-40f2-af66-35c1ea408862	2100	BT15_BT1	WT	0
8285e061-de1b-40f2-af66-35c1ea408862	2550	BT15_BT1	WT	0
831781ee-90c0-4d10-9399-65938372ee45	2050	BT15_BT1	WT	0
831781ee-90c0-4d10-9399-65938372ee45	2250	BT15_BT1	WT	0
831781ee-90c0-4d10-9399-65938372ee45	3450	BT15_BT1	WT	0
4519a05a-8ecf-407a-aa28-9e117f9a6ebc	2200	BT15_BT1	WT	0
7e278d55-e101-4cfd-bfe1-5f2bbe7a64df	1600	BT15_BT1	WT	0
7e278d55-e101-4cfd-bfe1-5f2bbe7a64df	2950	BT15_BT1	WT	0
fd4fb79c-0fa3-4869-b63b-f21aa9c7f38a	1450	BT15_BT1	WT	0
b4e0f766-56f3-411f-9baf-c3ee2b6c34e7	2650	BT15_BT1	WT	0
d0ac0eb4-34e5-4850-92b2-a879e2028d75	2200	BT15_BT1	WT	0
bc937dc0-8c0b-4f30-8d70-4c24bdca558e	1900	BT15_BT1	WT	0
d7735817-1a8e-42db-b8e1-86c7b1a0cec9	2250	BT15_BT1	WT	0
9a48be05-27da-4c80-b627-5c70cd0430b1	2750	BT15_BT1	WT	0
7520e908-f964-4f16-9900-fb0bbe7eaa39	2650	BT15_BT1	WT	0
a24f8b49-8b2d-4bc2-be2c-9daa393d0833	2650	BT15_BT1	WT	0
e14b7174-63ab-471c-9d64-924121a6f499	2600	BT15_BT1	WT	0
e14b7174-63ab-471c-9d64-924121a6f499	2950	BT15_BT1	WT	0
3cb8ec86-e314-45fe-9830-108f01d03354	2500	BT15_BT1	WT	0
2bde88d7-aca1-4b74-817c-fe280145a516	2100	BT15_BT1	WT	0
1c72eeb4-c118-42cb-8b35-58ea81042335	3350	BT15_BT1	WT	0
8ffc9844-100b-4f49-a7dc-8348bd01e00a	2600	BT15_BT1	WT	0
8ffc9844-100b-4f49-a7dc-8348bd01e00a	2550	BT15_BT1	WT	0
b9e7919c-1305-47e8-9865-73132b5a39c6	850	BT15_BT1	WT	0
929152df-3902-442d-b5b0-53190c8dfc73	2350	BT15_BT1	WT	0
8956c03e-9a13-4581-a1a3-8d1350e08208	2050	BT15_BT1	WT	0
93c29731-da23-4f3b-a18b-2d02f55efed0	2400	BT15_BT1	WT	0
6e207a3a-fcb7-4566-a806-81b6156671d4	3350	BT15_BT1	WT	0
708d3c69-f69b-471e-8b2d-ad0705272254	2650	BT15_BT1	WT	0
708d3c69-f69b-471e-8b2d-ad0705272254	2250	BT15_BT1	WT	0
01616c54-ba18-418b-ae5a-13207af6fd80	2350	BT15_BT1	WT	0
01616c54-ba18-418b-ae5a-13207af6fd80	2500	BT15_BT1	WT	0
8c38018b-651d-488e-928a-8ac1e95bb925	1950	BT15_BT1	WT	0
c22aa030-ee85-4cc7-989a-6aeb057f843d	2200	BT15_BT1	WT	0
7ad02a0c-bba4-455d-bb8d-085aedc4d3a4	2800	BT15_BT1	WT	0
7ad02a0c-bba4-455d-bb8d-085aedc4d3a4	2200	BT15_BT1	WT	0
14a14e47-27d6-434f-9534-af27b4ba384e	1900	BT15_BT1	WT	0
0ff0ecaf-5f33-4f80-8c84-8beb824d542b	2750	BT15_BT1	WT	0
a4a09531-4389-4e4d-a4d9-b8d18b10791b	2500	BT15_BT1	WT	0
a4a09531-4389-4e4d-a4d9-b8d18b10791b	2850	BT15_BT1	WT	0
772f8f41-cd2e-455b-a3c4-ec4726939041	1850	BT15_BT1	WT	0
772f8f41-cd2e-455b-a3c4-ec4726939041	2850	BT15_BT1	WT	0
01ae1fa9-3f57-4672-b253-ca45c01a358c	3050	BT15_BT1	WT	0
01ae1fa9-3f57-4672-b253-ca45c01a358c	2650	BT15_BT1	WT	0
f37b7833-636d-4f1b-9cc8-54bc34d2b008	1600	BT15_BT1	WT	0
98c50f66-bc6b-4ee6-8817-20aa31de2d48	3000	BT15_BT1	WT	0
c7e710fa-3f8d-48e3-88d5-0b342d25aeff	2350	BT15_BT1	WT	0
d35432ca-c06b-4831-a2ec-19ed1270184b	2050	BT15_BT1	WT	0
22b20729-9100-4f05-98eb-7b82ccb528f7	2150	BT15_BT1	WT	0
6be29c9e-92f3-4e36-bf10-015114af7ffa	1850	BT15_BT1	WT	0
fb4696d8-06b9-41f5-b964-3d7f448e904e	2550	BT15_BT1	WT	0
2c687175-a9d3-4155-af8b-83cdd9fa4572	3050	BT15_BT1	WT	0
2c687175-a9d3-4155-af8b-83cdd9fa4572	2950	BT15_BT1	WT	0
2c687175-a9d3-4155-af8b-83cdd9fa4572	2700	BT15_BT1	WT	0
e65dfb85-75d9-49ba-8a79-ac47ce6f6461	2800	BT15_BT1	WT	0
e65dfb85-75d9-49ba-8a79-ac47ce6f6461	2350	BT15_BT1	WT	0
6db42995-4954-49e6-aa20-e5a8ea553571	1550	BT15_BT1	WT	0
6fd174f0-016c-48b2-bc24-55bc7f52414b	2750	BT15_BT1	WT	0
9c025d41-07da-4321-a33a-2862734fc0dd	2800	BT15_BT1	WT	0
1d0e2a7a-6a62-4935-a710-31632fa0b60a	2900	BT15_BT1	WT	0
146cedb1-a4ac-45e4-b7ec-eeace816ddd4	2600	BT15_BT1	WT	0
1cbb8219-48c9-4283-9cee-b56f97f2c028	2150	BT15_BT1	WT	0
28c88b80-0b4e-4e76-a16a-ec3d1ac98b90	2450	BT15_BT1	WT	0
28c88b80-0b4e-4e76-a16a-ec3d1ac98b90	1950	BT15_BT1	WT	0
28c88b80-0b4e-4e76-a16a-ec3d1ac98b90	2600	BT15_BT1	WT	0
be74cf3c-85f3-45ae-a6b1-2a8662193a25	3200	BT15_BT1	WT	0
c253344d-95a0-4085-8f65-02243f56f4b6	2100	BT15_BT1	WT	0
995874d7-c2e3-42c3-875f-a36ae6685222	750	BT15_BT1	WT	0
d722fcac-4477-445a-a7d4-a83b39b1d923	1500	BT15_BT1	WT	0
e1e43e19-9e7a-4d69-a58c-a472b89fec6d	2050	BT15_BT1	WT	0
5748e322-93b4-4624-ae09-c3fa7273373d	2100	BT15_BT1	WT	0
325323a0-0377-4f0e-acb9-8a43f2c42075	2150	BT15_BT1	WT	0
feb484aa-ab8c-408f-a09c-7bb7b5f1d5ef	2450	BT15_BT1	WT	0
caeb4e79-0cf4-49a3-9cfe-7adb8238057c	2700	BT15_BT1	WT	0
2a72762f-c195-49d3-a5f3-f0b5270b1f6a	2750	BT15_BT1	WT	0
2a72762f-c195-49d3-a5f3-f0b5270b1f6a	2600	BT15_BT1	WT	0
f021a7fa-5125-44a5-b2b1-71948b7cccb9	2600	BT15_BT1	WT	0
9bd2c97e-0f5d-4991-93e8-f8fd90e657d1	2350	BT15_BT1	WT	0
cab49f67-3f74-4aa4-813f-d18e73fe67c5	3250	BT15_BT1	WT	0
0a9b79a9-72ae-4ffa-9e7c-459986b99207	1550	BT15_BT1	WT	0
1b6da7da-c863-4250-93db-f7023ab90581	2050	BT15_BT1	WT	0
fa3e192b-5a29-452a-ac78-e1f39972564f	2000	BT15_BT1	WT	0
4f3fd79c-3810-4bea-bec3-ed16ab97a123	1850	BT15_BT1	WT	0
7410026f-cb1a-48f1-b44b-d5e157741f3b	2250	BT15_BT1	WT	0
f9556ce3-af0e-43d3-88f8-d4a0a2398865	1350	BT15_BT1	WT	0
190b4245-0417-45fe-8953-b81c75142eba	2250	BT15_BT1	WT	0
190b4245-0417-45fe-8953-b81c75142eba	2150	BT15_BT1	WT	0
2409ee83-79e9-4e17-b106-1e63cc8ee64c	2300	BT15_BT1	WT	0
2409ee83-79e9-4e17-b106-1e63cc8ee64c	1750	BT15_BT1	WT	0
6ecee4df-76da-4777-a846-1cce259e5f3a	2150	BT15_BT1	WT	0
c9486920-31f0-4439-b23c-13be2b259075	2750	BT15_BT1	WT	0
c3096e59-61e9-402f-b29d-49c9455c4a56	700	BT15_BT1	WT	0
c2e1c5e3-cc31-469b-9061-e53e015eeff7	2600	BT15_BT1	WT	0
156e9e94-66ad-4ba4-afbc-c10424813b0e	750	BT15_BT1	WT	0
156e9e94-66ad-4ba4-afbc-c10424813b0e	2200	BT15_BT1	WT	0
156e9e94-66ad-4ba4-afbc-c10424813b0e	2100	BT15_BT1	WT	0
f9fd26a0-dd05-4371-bdd1-4421735aca92	3000	BT15_BT1	WT	0
72614997-c0eb-4ebc-b876-090ba8cb9575	1550	BT15_BT1	WT	0
5c9d0e4e-5411-466d-9ed7-6a18ad0aa605	1500	BT15_BT1	WT	0
ac422068-8bca-458e-a63e-c33baf3e5d6f	2800	BT15_BT1	WT	0
07b4b51a-4a0d-4bc0-8a62-1223aa59c86a	2150	BT15_BT1	WT	0
bccdbf07-0727-4879-af96-ded08efb63ed	1250	BT15_BT1	WT	0
c0cc48bb-bc4d-4b4c-b161-4c5838c1d30d	1900	BT15_BT1	WT	0
0b5637b0-2df1-464f-b9b5-2a7f91b90e54	2250	BT15_BT1	WT	0
0b5637b0-2df1-464f-b9b5-2a7f91b90e54	3250	BT15_BT1	WT	0
53b8dd14-4ee1-4aeb-a19b-41dcb7d0234a	2800	BT15_BT1	WT	0
2c4d8907-bf9f-4a93-b118-8134da3893b0	2500	BT15_BT1	WT	0
317e475f-5729-4670-82a3-08c93681eb43	2800	BT15_BT1	WT	0
8da2868d-340d-481e-aa42-dca1a3d4f763	1350	BT15_BT1	WT	0
147b2c72-b9a4-4939-8dd8-fa8363f706bb	2050	BT15_BT1	WT	0
c86baa01-1f36-48de-aa1c-5e22581acfbf	2950	BT15_BT1	WT	0
82d2bd60-5995-4f36-80aa-0fee6593b508	3050	BT15_BT1	WT	0
b46ffffd-5cf7-47bd-885a-8a50ffc4eabf	2650	BT15_BT1	WT	0
902b2fdd-b72b-4cb5-bbcd-fc3b5f69147b	2700	BT15_BT1	WT	0
1d8393d3-bf27-43d1-95f6-037d442beb94	2500	BT15_BT1	WT	0
1d8393d3-bf27-43d1-95f6-037d442beb94	1900	BT15_BT1	WT	0
ebe03677-d9f4-4ca3-a814-f0f5f849a1b2	2550	BT15_BT1	WT	0
c9a99571-b272-47f3-85bd-25909a1b4aa5	750	BT15_BT1	WT	0
05916475-317d-4188-a94a-239a781de57c	2450	BT15_BT1	WT	0
56d30832-2b46-4c0a-8113-271a54ff80cf	2950	BT15_BT1	WT	0
56d30832-2b46-4c0a-8113-271a54ff80cf	2150	BT15_BT1	WT	0
c87e1ba2-6a69-4b86-a7f4-3d3f93f8f4dd	2750	BT15_BT1	WT	0
44a445e8-98a4-44e7-9d1c-18c52116ca73	2800	BT15_BT1	WT	0
6b38973e-1176-4e6e-895e-ec8b53bfcfbb	2650	BT15_BT1	WT	0
74a59c1d-28e0-4726-97a6-27219906342d	2700	BT15_BT1	WT	0
bab08a96-b1e7-4950-bcae-1ac560bfe831	2600	BT15_BT1	WT	0
d9b8431e-ef1f-4acf-8bff-c3535f73267d	1600	BT15_BT1	WT	0
894f3e80-8c37-4dfa-8044-3018a63c3326	2250	BT15_BT1	WT	0
5cded033-c321-4a8d-9fd0-9a611416c179	1900	BT15_BT1	WT	0
8c85c7e3-8e0d-4190-a5b1-c793d050ca8a	2100	BT15_BT1	WT	0
645d0000-bd98-4bfb-8fce-ec6b733ec5a4	2550	BT15_BT1	WT	0
6ae770f1-0a55-48aa-854a-99d212f445e1	2300	BT15_BT1	WT	0
d9a4755f-9ccb-477d-bbf4-8e3d71f3ae25	1400	BT15_BT1	WT	0
e61fde1b-1196-4ed4-880e-ff4906866249	2950	BT15_BT1	WT	0
1a1665ae-0e35-4a76-817c-8cec2fde6ece	2450	BT15_BT1	WT	0
2453f371-0b38-42d3-b5a4-8881801a082f	2200	BT15_BT1	WT	0
a3e4eb0e-d594-4c85-9e1c-4ddd6d7c375d	800	BT15_BT1	WT	0
701cf39a-0d81-4242-b5c7-8e5e1b2513a4	3100	BT15_BT1	WT	0
701cf39a-0d81-4242-b5c7-8e5e1b2513a4	3000	BT15_BT1	WT	0
4dd04f4e-1456-405f-b895-75e764f3f41b	1950	BT15_BT1	WT	0
ad943683-b646-4b18-88f6-6424580bb6f3	2150	BT15_BT1	WT	0
04cf38f9-6df4-433a-a01e-a872131e89ca	2500	BT15_BT1	WT	0
04cf38f9-6df4-433a-a01e-a872131e89ca	2050	BT15_BT1	WT	0
44a426ba-d103-4d39-b8bd-7dad45b2cd65	1000	BT15_BT1	WT	0
35ceefa1-bbfd-496d-837a-dc355f0dfa75	2100	BT15_BT1	WT	0
35ceefa1-bbfd-496d-837a-dc355f0dfa75	2400	BT15_BT1	WT	0
108d33c8-1553-4bc7-827c-47248a82ba48	950	BT15_BT1	WT	0
ca0e06a6-28f9-4502-b1aa-20276f356b13	6700	BT15_BT1	WT	0
7d9f589e-5737-41e7-9392-4461090d2716	2400	BT15_BT1	WT	0
f17640de-71e2-4656-bc8c-66ff0215aff6	2750	BT15_BT1	WT	0
29db5d7b-ba0a-4264-bc49-85f6594224a9	1250	BT15_BT1	WT	0
c36ad3a4-e8e2-4f24-9cac-8fe860ac1b82	2200	BT15_BT1	WT	0
5bb33746-38c7-4821-b859-eb1e6c931a30	2850	BT15_BT1	WT	0
5bb33746-38c7-4821-b859-eb1e6c931a30	4250	BT15_BT1	WT	0
e9068b3b-9863-47d9-a315-0718e6e7b7cf	2250	BT15_BT1	WT	0
69dce467-c123-4dcd-9874-226918b6bf2f	2600	BT15_BT1	WT	0
69dce467-c123-4dcd-9874-226918b6bf2f	2800	BT15_BT1	WT	0
27124f3f-739b-46b1-9fb1-106ae6ea55fb	2850	BT15_BT1	WT	0
b575d0ca-d95e-488c-a45c-1a7a0c344f04	2200	BT15_BT1	WT	0
1402b62b-9c5e-4b12-afcb-2c592f8152d7	1650	BT15_BT1	WT	0
2fc0f6ee-fc58-4fa4-8109-ac85ab7b9515	2500	BT15_BT1	WT	0
6c99c58a-f3b6-4c99-97c3-f668deff99e9	2950	BT15_BT1	WT	0
cd5b6970-7c65-4915-82fd-6274d5a353b1	2550	BT15_BT1	WT	0
9b5f985c-488c-416b-b999-91b40b05734b	2900	BT15_BT1	WT	0
88ee0ed0-59c3-4074-ade9-652366eef039	2450	BT15_BT1	WT	0
70c47f52-e7c4-4253-aae8-0fe792d71b03	1600	BT15_BT1	WT	0
47440eac-5c81-46cb-8fbf-b059e3b8684c	2400	BT15_BT1	WT	0
dcc0adf7-d96f-4e72-aa19-b1094d68b3e7	1750	BT15_BT1	WT	0
b02aff58-6728-4d0c-bb8c-cbbcd494604c	1200	BT15_BT1	WT	0
9a0781d3-91e3-4c88-96a1-d6c0ff1f28e9	2450	BT15_BT1	WT	0
38d994e4-c7ee-4a57-876a-17d7409cf31e	2800	BT15_BT1	WT	0
3a9063db-55a2-4d6c-aa9f-32842ab00a65	2550	BT15_BT1	WT	0
e7d2d5e0-a839-42c9-8e2e-014b4b2df5bc	2600	BT15_BT1	WT	0
c9f7e3ec-75a8-46c2-bcce-ed1dca95b672	3050	BT15_BT1	WT	0
5a1a554a-3823-4bf6-9ac7-828e3cd36442	1650	BT15_BT1	WT	0
5a1a554a-3823-4bf6-9ac7-828e3cd36442	2150	BT15_BT1	WT	0
876d307f-006e-43ba-860d-860db27355fd	1950	BT15_BT1	WT	0
876d307f-006e-43ba-860d-860db27355fd	2150	BT15_BT1	WT	0
b8f1d9c8-eda3-417b-b9fa-3caa5400eda0	2500	BT15_BT1	WT	0
5b0643de-bc56-4659-bc8e-1a656847ee70	750	BT15_BT1	WT	0
3f5047f3-6c02-450a-9ca5-0079c09d3276	2250	BT15_BT1	WT	0
b2636e15-cd0e-4d4b-ae14-84019faa5df5	2200	BT15_BT1	WT	0
df306765-a631-44b1-9b0d-f3fb69f214ee	2250	BT15_BT1	WT	0
59d98e7f-72d5-4f69-816f-c91c5ce757cc	2400	BT15_BT1	WT	0
fa3ffaef-e580-4fa1-96fc-5dde0cd2158c	2450	BT15_BT1	WT	0
6dbc23b9-653a-4bdf-91ef-503231d3f61e	2850	BT15_BT1	WT	0
539c21a5-2adb-42c0-afcb-e92190658c05	1550	BT15_BT1	WT	0
af5a3580-04eb-4d5b-9f3b-fe1679e631da	2450	BT15_BT1	WT	0
8f467a32-8d98-4c79-8adb-907c8a5d19f8	1450	BT15_BT1	WT	0
498339fe-d2b1-4dc3-bf3d-d94898b32112	3950	BT15_BT1	WT	0
c03d4a6b-3ce0-4ef5-b54f-5ae7ca484777	2650	BT15_BT1	WT	0
c03d4a6b-3ce0-4ef5-b54f-5ae7ca484777	2650	BT15_BT1	WT	0
74c7d7eb-cacd-4d20-afa4-a289aed0a198	3000	BT15_BT1	WT	0
74c7d7eb-cacd-4d20-afa4-a289aed0a198	2850	BT15_BT1	WT	0
126543cf-2a68-410b-b149-d638d8097f36	1400	BT15_BT1	WT	0
6b5d7342-a7de-4933-86e6-5f8c3e5ab5d3	2100	BT15_BT1	WT	0
6b5d7342-a7de-4933-86e6-5f8c3e5ab5d3	1700	BT15_BT1	WT	0
6b5d7342-a7de-4933-86e6-5f8c3e5ab5d3	2200	BT15_BT1	WT	0
0d7b5c8f-e8d4-469c-947f-39a8ec744cab	2000	BT15_BT1	WT	0
aa25aa8a-c61f-476c-9901-5a52f465702f	2650	BT15_BT1	WT	0
aa25aa8a-c61f-476c-9901-5a52f465702f	2700	BT15_BT1	WT	0
c1e2412f-fb90-435d-87c3-04775ea1d5c3	2450	BT15_BT1	WT	0
9717e6ee-52ee-4a1d-b84d-a3f69a59dbaa	2000	BT15_BT1	WT	0
9717e6ee-52ee-4a1d-b84d-a3f69a59dbaa	2000	BT15_BT1	WT	0
8da3552d-6c77-4dd0-9450-cd3b30eb260b	3050	BT15_BT1	WT	0
bb657200-32a0-4f7c-8b97-b028cbaf58cc	2350	BT15_BT1	WT	0
bb657200-32a0-4f7c-8b97-b028cbaf58cc	2350	BT15_BT1	WT	0
dc3d5118-2243-4836-a6de-de4110f0f00e	2450	BT15_BT1	WT	0
dc3d5118-2243-4836-a6de-de4110f0f00e	1200	BT15_BT1	WT	0
fb594565-d888-420c-a8a6-a315c247845b	700	BT15_BT1	WT	0
fb594565-d888-420c-a8a6-a315c247845b	2150	BT15_BT1	WT	0
fb594565-d888-420c-a8a6-a315c247845b	3050	BT15_BT1	WT	0
fb594565-d888-420c-a8a6-a315c247845b	1350	BT15_BT1	WT	0
803f44e3-5a01-469e-a4f1-cd2b97c9f7fc	2750	BT15_BT1	WT	0
9c52c24d-0b0a-423d-944e-a496f6971a99	1950	BT15_BT1	WT	0
bed48efa-2db5-4448-8a1e-3a3a139447ae	2800	BT15_BT1	WT	0
179b183a-1ea0-4364-bef8-8a6334de518e	2300	BT15_BT1	WT	0
179b183a-1ea0-4364-bef8-8a6334de518e	2750	BT15_BT1	WT	0
17fdb4eb-1e45-4dbc-ab31-dfdf2dafab69	2550	BT15_BT1	WT	0
0ee576bf-d46f-477c-b0e7-8b676dd9f221	700	BT15_BT1	WT	0
f82e9a36-a146-4dcf-81bf-394656af4e9a	600	BT15_BT1	WT	0
93b0e481-8e45-42f4-aa0e-69f1e8d4cf55	2850	BT15_BT1	WT	0
a3064ec0-b9f3-41a4-80ef-60b4b657e180	2900	BT15_BT1	WT	0
f543045f-dbfa-4a99-bf24-86125a34a1ae	2600	BT15_BT1	WT	0
0da49630-d801-4175-8005-f4705d8ae183	1200	BT15_BT1	WT	0
d523d795-10ab-45e4-b1f5-31d530e0175f	4350	BT15_BT1	WT	0
c37429c9-7318-408c-a7c4-498c1242dd12	4500	BT15_BT1	WT	0
c37429c9-7318-408c-a7c4-498c1242dd12	2050	BT15_BT1	WT	0
39be583e-3934-4eca-89a3-21f0b71d1c8a	2750	BT15_BT1	WT	0
39be583e-3934-4eca-89a3-21f0b71d1c8a	2700	BT15_BT1	WT	0
3a7d3adb-3d22-4eb5-bad0-ba1008245c7c	2450	BT15_BT1	WT	0
2876aa3b-8477-4757-aaf2-678ed93cf082	1750	BT15_BT1	WT	0
2876aa3b-8477-4757-aaf2-678ed93cf082	1950	BT15_BT1	WT	0
ad34fe59-549f-433d-b334-fc1f11e24607	2350	BT15_BT1	WT	0
ad34fe59-549f-433d-b334-fc1f11e24607	2700	BT15_BT1	WT	0
a528ca9c-be5a-4fd1-b82f-11b9ecc56477	3000	BT15_BT1	WT	0
a528ca9c-be5a-4fd1-b82f-11b9ecc56477	2600	BT15_BT1	WT	0
70303d9c-5e8a-47af-b652-c6c4e82594a1	2150	BT15_BT1	WT	0
034b51ab-ebc7-4cd3-aab6-7594ee8e98b0	3850	BT15_BT1	WT	0
77a766c3-0c04-42a7-8437-138f965fba4b	2950	BT15_BT1	WT	0
e72d009d-c4a0-4427-9e68-63f29556dc8f	2800	BT15_BT1	WT	0
9d68d962-ca7c-4cd1-89c5-42b30b82997e	3250	BT15_BT1	WT	0
5940c933-7902-4a91-94f4-a5bd58e4bc99	1500	BT15_BT1	WT	0
2270dda5-4e8a-4eb8-b503-bdd3cb803d5d	2900	BT15_BT1	WT	0
8740bb93-ede1-4f94-bc80-4361bbf55dd6	3050	BT15_BT1	WT	0
8740bb93-ede1-4f94-bc80-4361bbf55dd6	2750	BT15_BT1	WT	0
b11fe74a-fa8e-4c0e-ab19-9860ab835492	1850	BT15_BT1	WT	0
b11fe74a-fa8e-4c0e-ab19-9860ab835492	2400	BT15_BT1	WT	0
f9405ff4-c504-4fc4-a7d9-61c2bba0144b	2500	BT15_BT1	WT	0
cedc12d9-180e-4bfe-9705-6e8a6f1d7637	2600	BT15_BT1	WT	0
0f3b1d75-97e9-4558-89d3-31943bcfd1af	1950	BT15_BT1	WT	0
fe4c77bc-a6af-487e-bbf6-cebc110d0e66	700	BT15_BT1	WT	0
272d3422-0262-4d21-badd-8332a356862f	3050	BT15_BT1	WT	0
580e0194-e695-4f2d-8d9d-fe5e358c234a	2500	BT15_BT1	WT	0
97699219-ecf2-47b8-b4b4-fb192cb5b4bb	2050	BT15_BT1	WT	0
576f754b-1d48-4485-ac46-a6ada686fca9	2050	BT15_BT1	WT	0
eaf5f41f-aae1-4c5f-bb6b-2af4f0f4230c	2750	BT15_BT1	WT	0
e8a74528-c93c-4db5-8b4e-c6b0adac2fa2	2200	BT15_BT1	WT	0
a2c4df67-046c-4927-9553-25457024d1c3	2250	BT15_BT1	WT	0
b5a21857-06d0-4f09-983d-95a5dda67967	2400	BT15_BT1	WT	0
efcd4e3c-9f30-402b-a27d-a892cb06e50a	1350	BT15_BT1	WT	0
19e30b89-2723-4995-9b92-7801869f3f45	2750	BT15_BT1	WT	0
55748c1d-6fbb-4881-846f-e19403a9e970	2050	BT15_BT1	WT	0
ef639943-8de6-42f1-9da1-f68f0404465d	1050	BT15_BT1	WT	0
b246e11a-967c-498e-a2c0-4743a6d56089	2400	BT15_BT1	WT	0
47082d31-562d-4b99-99ca-f082b133aca6	2300	BT15_BT1	WT	0
3c958642-3ea3-4db4-819a-c1d2178cde99	1700	BT15_BT1	WT	0
de7d6985-f70a-4814-bdb2-b305b51761d1	1800	BT15_BT1	WT	0
de7d6985-f70a-4814-bdb2-b305b51761d1	2650	BT15_BT1	WT	0
cdd4af29-314d-4c24-8686-3b81fdc21a9f	2100	BT15_BT1	WT	0
cdd4af29-314d-4c24-8686-3b81fdc21a9f	1850	BT15_BT1	WT	0
dd66349e-1eec-431d-a008-7a0e1344116d	2700	BT15_BT1	WT	0
de25707c-93b5-43c7-942f-b8c442757908	2250	BT15_BT1	WT	0
553dce57-822e-4604-a31b-0ffe16340184	3250	BT15_BT1	WT	0
b799944f-335d-4895-b68e-f4a960bcd721	3600	BT15_BT1	WT	0
593ac450-64db-42f0-8b7d-e357ff06dd7a	2250	BT15_BT1	WT	0
317dee1a-17b2-466d-a46b-d1faa6a8e2d9	2400	BT15_BT1	WT	0
317dee1a-17b2-466d-a46b-d1faa6a8e2d9	2250	BT15_BT1	WT	0
044eec2a-ddbd-4980-ab3a-7c301bdb2320	2350	BT15_BT1	WT	0
956db93c-e8c5-4f36-8536-1bddee30f3ec	2450	BT15_BT1	WT	0
4161b09c-65aa-4b66-a483-0473d29bff7b	2200	BT15_BT1	WT	0
7ee8d0f7-0a99-46eb-844c-fb98ab055731	2700	BT15_BT1	WT	0
ca64be6b-a8aa-4394-95d5-e3eea81aca98	2450	BT15_BT1	WT	0
9d835e6e-27de-4e9c-9c03-534951d5467e	2900	BT15_BT1	WT	0
93692a20-4c9a-4dbb-a8cb-1aad275d2c24	1950	BT15_BT1	WT	0
93692a20-4c9a-4dbb-a8cb-1aad275d2c24	2650	BT15_BT1	WT	0
668193b3-aa3e-4a6d-9c5b-0cb57930bd31	2350	BT15_BT1	WT	0
c2bba6d7-7b31-454c-aeb6-bd677ae43dd7	2250	BT15_BT1	WT	0
1ee57f13-884a-4fd7-99a5-0d442d1d679f	1950	BT15_BT1	WT	0
cacd849c-b2ac-464b-87f5-e92c19756f1a	2400	BT15_BT1	WT	0
1ee63f00-52d2-463d-a62f-3453dd073d6f	1050	BT15_BT1	WT	0
fda2c548-094a-4f64-97ca-a112515fe4d0	1400	BT15_BT1	WT	0
34fb6c4f-e1bf-4986-91ab-29be4364d397	2100	BT15_BT1	WT	0
96feaf40-58c4-4ff5-891c-afbf66088793	3850	BT15_BT1	WT	0
02fed143-efb7-408c-a141-e6a6db10d229	2800	BT15_BT1	WT	0
6e0a6970-6bcc-4137-9ae4-0bfbbe2ee996	3550	BT15_BT1	WT	0
33267817-51f8-4e6c-b286-62af064400a9	2900	BT15_BT1	WT	0
e93f53ec-0435-416d-b08b-dcf3f3f33806	850	BT15_BT1	WT	0
4ba90c97-fead-490d-82e8-e47d55a8c5db	2000	BT15_BT1	WT	0
c8437096-5574-44c7-aff5-16b77101ed8c	850	BT15_BT1	WT	0
c8437096-5574-44c7-aff5-16b77101ed8c	4950	BT15_BT1	WT	0
6597d903-ecb4-4c59-98e9-37a58129165b	2050	BT15_BT1	WT	0
270e9b69-7d61-4fe5-8599-eebc1e4df3f6	1800	BT15_BT1	WT	0
270e9b69-7d61-4fe5-8599-eebc1e4df3f6	1350	BT15_BT1	WT	0
b000ecd7-3107-46ab-8cbc-4ede09189727	2350	BT15_BT1	WT	0
8bdc2084-9abc-4712-b4c3-d6ef3109098c	1800	BT15_BT1	WT	0
f4edfcb7-d8f3-478c-aa32-4a2de65acdec	2550	BT15_BT1	WT	0
717899c3-80ab-4d5c-aea0-7758f584028b	2150	BT15_BT1	WT	0
d9bc801f-ff99-4f97-9ef2-4e8e6fcd63ab	2050	BT15_BT1	WT	0
d9bc801f-ff99-4f97-9ef2-4e8e6fcd63ab	1600	BT15_BT1	WT	0
7d243b99-8d56-4da9-ba62-a9894633ea5a	2500	BT15_BT1	WT	0
7d243b99-8d56-4da9-ba62-a9894633ea5a	2200	BT15_BT1	WT	0
71d18c2c-7785-47a8-b07a-d0211ea746f4	1650	BT15_BT1	WT	0
55522607-d00a-4b92-a79e-feecef1e914d	1900	BT15_BT1	WT	0
571f08dd-5fdf-44b7-a63e-762602c8972e	3200	BT15_BT1	WT	0
4b661474-939a-4844-9b6b-b29f3c28e00f	2200	BT15_BT1	WT	0
b19a956b-9463-4799-90b5-7daa7ef22d74	4100	BT15_BT1	WT	0
a512b1b9-d198-47aa-a6ad-1e64812a5367	2050	BT15_BT1	WT	0
d517cd77-2cf4-4423-88f4-3259cc6809a2	2250	BT15_BT1	WT	0
688cd8eb-8f9d-481b-bc40-0ae9428bcbaf	2650	BT15_BT1	WT	0
668f6780-6baa-4f6b-badc-58e18945748c	2700	BT15_BT1	WT	0
73d96c8a-5a46-45ae-90fa-05408ee8d50e	1250	BT15_BT1	WT	0
77471b02-6187-43b1-810c-8c79fd003dcf	2150	BT15_BT1	WT	0
64b97b20-d04e-425f-8c00-16d803e2b797	2500	BT15_BT1	WT	0
95174dad-56d8-47ec-a39b-6f2c05633aa0	2000	BT15_BT1	WT	0
bd7bfb94-643a-417d-a43d-6f292f9c28c5	2800	BT15_BT1	WT	0
bd7bfb94-643a-417d-a43d-6f292f9c28c5	1900	BT15_BT1	WT	0
92ccbf14-e60c-4113-940a-ee32cd3d8b36	3000	BT15_BT1	WT	0
f3f2fd1d-8caa-4be8-b230-025b64ffd4b9	3200	BT15_BT1	WT	0
ba96f7ae-f17a-40e3-9b19-d90baccc2381	2900	BT15_BT1	WT	0
ba96f7ae-f17a-40e3-9b19-d90baccc2381	2550	BT15_BT1	WT	0
8df251f0-19e2-4b2e-a4ed-04e503a392f9	2550	BT15_BT1	WT	0
bcaee290-5b55-4038-bf23-e91413184ff8	3050	BT15_BT1	WT	0
bcaee290-5b55-4038-bf23-e91413184ff8	2700	BT15_BT1	WT	0
9ed42990-2939-447b-aded-a71c137ecb6b	2600	BT15_BT1	WT	0
c7a7917d-0f48-446b-b20e-9839ff52a6ea	1550	BT15_BT1	WT	0
24a21995-0776-434e-837d-bd97eab39c89	3650	BT15_BT1	WT	0
a8d0b4d7-ffdd-48fc-bdb4-4c27a5fce6db	2500	BT15_BT1	WT	0
30754c5b-5067-4be2-a252-4f5f01e692c6	2750	BT15_BT1	WT	0
8cc11a3c-790e-4a02-8a1b-2dfd8cf8ef8c	3200	BT15_BT1	WT	0
c70166db-7883-4cba-b1c8-218309758b50	2450	BT15_BT1	WT	0
50f27eff-7b5e-4a3e-a345-f03857ad0e28	2950	BT15_BT1	WT	0
f9d8e890-49b1-4d9d-87a1-b62636cb9d67	2200	BT15_BT1	WT	0
71767db7-9f97-4ca4-8160-dc702996332a	1700	BT15_BT1	WT	0
8631c7bb-cd25-4d43-b19d-2e53574237dc	2400	BT15_BT1	WT	0
8631c7bb-cd25-4d43-b19d-2e53574237dc	2350	BT15_BT1	WT	0
8ae94570-5c0c-4d09-9a94-4a9922db19ea	1850	BT15_BT1	WT	0
8ae94570-5c0c-4d09-9a94-4a9922db19ea	2150	BT15_BT1	WT	0
85a7f503-7b70-487e-9ac0-8b2ec16e8d14	1750	BT15_BT1	WT	0
85a7f503-7b70-487e-9ac0-8b2ec16e8d14	2650	BT15_BT1	WT	0
199a9b45-5cbd-49c9-9207-1f0f923168d2	2100	BT15_BT1	WT	0
25a4f09f-fdca-4924-9e6f-54642355b149	3150	BT15_BT1	WT	0
db41265d-c1a4-49ad-859f-8d09cbf42edd	3250	BT15_BT1	WT	0
2265ea76-4280-4431-bc59-f5b3fff4c2a1	2450	BT15_BT1	WT	0
07a169e8-9816-413d-9a6a-d8c60d2d25e4	1150	BT15_BT1	WT	0
07a169e8-9816-413d-9a6a-d8c60d2d25e4	2100	BT15_BT1	WT	0
74808424-1698-41ea-82c6-8fb15b8db6ac	2500	BT15_BT1	WT	0
74808424-1698-41ea-82c6-8fb15b8db6ac	1850	BT15_BT1	WT	0
cb072029-aeb3-4d1c-85f2-bd2b814ec332	2450	BT15_BT1	WT	0
68ff2d3e-56b6-48b3-a97f-68edd26a272d	2600	BT15_BT1	WT	0
bcfde506-ebd0-4348-84b5-313804049319	2700	BT15_BT1	WT	0
68c40d5b-4314-45d9-9177-763bbe66e86c	1550	BT15_BT1	WT	0
68c40d5b-4314-45d9-9177-763bbe66e86c	2000	BT15_BT1	WT	0
69c9ddd7-b67d-4bbf-b7f1-d5898f32bfd3	3050	BT15_BT1	WT	0
69c9ddd7-b67d-4bbf-b7f1-d5898f32bfd3	3000	BT15_BT1	WT	0
69c9ddd7-b67d-4bbf-b7f1-d5898f32bfd3	1750	BT15_BT1	WT	0
e0d5d46c-4822-4f8f-8678-601735192c18	2200	BT15_BT1	WT	0
12804e73-2294-4755-9c01-a71e8c535cf3	5100	BT15_BT1	WT	0
12804e73-2294-4755-9c01-a71e8c535cf3	2400	BT15_BT1	WT	0
bd188e42-a250-4611-ae37-377da4bcbb79	2500	BT15_BT1	WT	0
2e8a85d4-0bc1-46f9-adef-bf86aa822e8d	2250	BT15_BT1	WT	0
dabeaed1-9267-42ab-88c2-d566a91a4eb7	1700	BT15_BT1	WT	0
dabeaed1-9267-42ab-88c2-d566a91a4eb7	3200	BT15_BT1	WT	0
e17c6e88-f907-46ee-abd5-3203aec19d75	2600	BT15_BT1	WT	0
12f105b3-e60b-4226-aec3-41ab5fd5f2db	1800	BT15_BT1	WT	0
776df653-901f-4077-8a1b-07db624f35a2	2550	BT15_BT1	WT	0
776df653-901f-4077-8a1b-07db624f35a2	3000	BT15_BT1	WT	0
d9f5c9df-4fa5-4194-9276-c29e53a82707	2800	BT15_BT1	WT	0
fabbf200-f456-4288-a128-7c959a9d800d	2650	BT15_BT1	WT	0
fabbf200-f456-4288-a128-7c959a9d800d	2800	BT15_BT1	WT	0
14d17b02-01c7-4f23-a320-d33ec8677abb	3200	BT15_BT1	WT	0
ffbb0535-c45c-4677-930f-f335828d1c99	1450	BT15_BT1	WT	0
a498bcaa-1109-4de0-a3ea-eddc52d968a2	2750	BT15_BT1	WT	0
13bfbc1b-043b-4639-9b15-87e36c6dbbfc	1550	BT15_BT1	WT	0
ad0135d1-38d1-4b50-96d5-318d699d702e	1950	BT15_BT1	WT	0
ad0135d1-38d1-4b50-96d5-318d699d702e	1900	BT15_BT1	WT	0
49d748c2-3009-4dce-97ae-5fe3cdc7d590	2250	BT15_BT1	WT	0
49d748c2-3009-4dce-97ae-5fe3cdc7d590	2950	BT15_BT1	WT	0
72da1924-5aa4-4224-8202-56a99e4fde02	2350	BT15_BT1	WT	0
6da767d8-9cea-4aa7-9e6b-70500bd4c3c4	1500	BT15_BT1	WT	0
f1ab7a5d-5ca1-4fd1-a112-d35fcf43a397	2600	BT15_BT1	WT	0
f1ab7a5d-5ca1-4fd1-a112-d35fcf43a397	2300	BT15_BT1	WT	0
4adc7d0f-ecfe-4204-b464-094d6ed7b961	2100	BT15_BT1	WT	0
4adc7d0f-ecfe-4204-b464-094d6ed7b961	2150	BT15_BT1	WT	0
4adc7d0f-ecfe-4204-b464-094d6ed7b961	3100	BT15_BT1	WT	0
4adc7d0f-ecfe-4204-b464-094d6ed7b961	2700	BT15_BT1	WT	0
8e1778aa-f474-404d-a49a-b3f2d9e74859	2250	BT15_BT1	WT	0
986e914b-95d3-4425-99f1-8b06b61feb51	1350	BT15_BT1	WT	0
986e914b-95d3-4425-99f1-8b06b61feb51	2100	BT15_BT1	WT	0
1893f065-0bbe-4026-9931-ee39c1e1b1be	1450	BT15_BT1	WT	0
7f568858-bb99-436a-8b39-e67796067347	2450	BT15_BT1	WT	0
d398d879-5c13-4708-b60f-99ee2aabd1a8	2750	BT15_BT1	WT	0
d398d879-5c13-4708-b60f-99ee2aabd1a8	2900	BT15_BT1	WT	0
14da9842-7486-4cb7-8ebe-8241bdbae81a	2600	BT15_BT1	WT	0
3a333143-ceb1-4522-8a76-448847c8aad9	2450	BT15_BT1	WT	0
eb1364f6-a076-4204-8bf4-cc43d398f148	2650	BT15_BT1	WT	0
a6c94be9-caba-40d8-9137-e9cceab118a7	2500	BT15_BT1	WT	0
a3271bbe-7177-47be-bb01-baeb08a2747a	2250	BT15_BT1	WT	0
a3271bbe-7177-47be-bb01-baeb08a2747a	2700	BT15_BT1	WT	0
cff0cf7e-cd62-4c94-bfca-c243caa7eaaf	2300	BT15_BT1	WT	0
95a5e6d3-b760-40c9-b903-1a7ba338c383	1900	BT15_BT1	WT	0
29a63bfd-66f7-409d-8fd4-bb7d6cae55d2	2050	BT15_BT1	WT	0
b93a22f9-a305-4b4e-b677-f4ee4a84f5a9	1400	BT15_BT1	WT	0
a9da9a92-bccc-4e14-9218-d75488e287e7	2350	BT15_BT1	WT	0
bcb7cbd5-d038-46a3-a411-7505007f11e9	2200	BT15_BT1	WT	0
bcb7cbd5-d038-46a3-a411-7505007f11e9	1500	BT15_BT1	WT	0
f0ad3a19-6e0c-49ff-98b0-5aac8d88724c	2750	BT15_BT1	WT	0
96659e7a-08c3-4106-9f80-2275a6a95c0f	2400	BT15_BT1	WT	0
6d43b4f9-32c9-48c0-945b-17c836824e7a	1150	BT15_BT1	WT	0
f9b00126-17c4-4b45-a6fa-df070b0e8a8f	2950	BT15_BT1	WT	0
f9b00126-17c4-4b45-a6fa-df070b0e8a8f	2650	BT15_BT1	WT	0
a7d7ebc2-4498-4321-abc8-fedad613a890	2800	BT15_BT1	WT	0
6653fdef-ac7b-4f3c-a65b-a5ec3d053213	2150	BT15_BT1	WT	0
cf749dcf-cd93-440d-bb41-bc5dc229791c	2350	BT15_BT1	WT	0
87c04152-2e72-434f-a1b3-efc759d5ba09	2750	BT15_BT1	WT	0
8123e522-58d6-4adc-85e5-5802e50c55b2	2800	BT15_BT1	WT	0
93201129-26d4-4c20-b601-0646d4e2bda5	2500	BT15_BT1	WT	0
93201129-26d4-4c20-b601-0646d4e2bda5	2650	BT15_BT1	WT	0
237a69f8-10cd-4c55-8a0c-94c4af42842c	1050	BT15_BT1	WT	0
237a69f8-10cd-4c55-8a0c-94c4af42842c	3250	BT15_BT1	WT	0
237a69f8-10cd-4c55-8a0c-94c4af42842c	1400	BT15_BT1	WT	0
ca2a6f4f-b0a1-49da-906c-802dc1fcd27c	1800	BT15_BT1	WT	0
858a3bba-834d-49a1-acb1-c2feb4ba0df2	2300	BT15_BT1	WT	0
5d27e5e0-5ec9-4736-a1ed-36e9a00a3f1c	750	BT15_BT1	WT	0
97a6288d-a129-4ffd-bf78-b0ec2cef7a6f	3500	BT15_BT1	WT	0
64d6b32c-dc99-48ee-8df6-abd3ef35ccd5	3100	BT15_BT1	WT	0
811c97bb-0626-4be4-8422-208ffc6d7b2c	2350	BT15_BT1	WT	0
6aaaef00-3d6c-47be-b8ac-7d4cd3f4a095	2250	BT15_BT1	WT	0
081f5cbc-89a1-4eb0-bdfd-a00e1d697ca4	2500	BT15_BT1	WT	0
8acf4e0e-ead2-4d5d-8da2-3f140deee920	1950	BT15_BT1	WT	0
09eafb93-88f2-444d-898f-57be84b34b5b	2750	BT15_BT1	WT	0
cacf4870-a582-4d3c-a6c0-6f614f9ac3b2	1850	BT15_BT1	WT	0
77c0c738-11d1-4592-b19a-5fcc22f117b2	1950	BT15_BT1	WT	0
b70e83ac-a12f-48d1-8d5d-a3e20fec1779	2350	BT15_BT1	WT	0
fe9addee-30d8-4192-a6a4-8c2429a72ce4	2000	BT15_BT1	WT	0
70c21aec-d8a1-40ec-ad56-c5f9aab24413	2900	BT15_BT1	WT	0
e38752e8-08d2-4c94-b24b-db3432df885c	3250	BT15_BT1	WT	0
388d71be-62ff-4d04-8772-69cbf3d8baac	3400	BT15_BT1	WT	0
d6fd4609-aad0-4f14-9ed2-2859e6dddd35	1000	BT15_BT1	WT	0
07c67a75-3666-4ab8-ac5f-241461bbbaab	2950	BT15_BT1	WT	0
f6750172-d572-475a-a2a3-3063b0c32442	2250	BT15_BT1	WT	0
2e0f058e-87d5-431c-9d9c-95e6adf339a9	3500	BT15_BT1	WT	0
50b6fb14-365f-4448-aac8-c8a2e6d492ae	2400	BT15_BT1	WT	0
97430252-15ac-41ed-94d0-a48cafe78aa3	2350	BT15_BT1	WT	0
597e07cd-aff5-45b5-9058-3c74cf0ecf58	3500	BT15_BT1	WT	0
b78560b0-0dc6-49c9-a1a7-044e6ac0b160	5400	BT15_BT1	WT	0
1a5ae21c-b695-4d39-abe8-31ea317cbe45	2800	BT15_BT1	WT	0
7836633b-d185-4da3-b327-4762614597f9	2650	BT15_BT1	WT	0
7836633b-d185-4da3-b327-4762614597f9	2500	BT15_BT1	WT	0
7836633b-d185-4da3-b327-4762614597f9	2250	BT15_BT1	WT	0
20ae8327-b31f-454a-af9f-093629ad7209	2750	BT15_BT1	WT	0
cf26ed50-3171-469a-b0ba-320f06c951df	2450	BT15_BT1	WT	0
fc14d356-6957-43ea-87c6-f31ef50a2ea6	2150	BT15_BT1	WT	0
676b04fa-833d-4861-a47c-dc360c313cba	2400	BT15_BT1	WT	0
0d10e9db-5cc6-4e48-b476-c2d19fb235da	3050	BT15_BT1	WT	0
0d10e9db-5cc6-4e48-b476-c2d19fb235da	3000	BT15_BT1	WT	0
0d10e9db-5cc6-4e48-b476-c2d19fb235da	2700	BT15_BT1	WT	0
5d77acc0-ecfa-4112-8890-73e33dedce45	2600	BT15_BT1	WT	0
6f75de4f-66f6-454e-9011-2c9718fea57b	1850	BT15_BT1	WT	0
f98d63a1-719f-44e1-b18c-dcc1397cb418	2650	BT15_BT1	WT	0
b1fea2e6-6354-4386-ae87-46be190eb9dc	2800	BT15_BT1	WT	0
b1fea2e6-6354-4386-ae87-46be190eb9dc	2600	BT15_BT1	WT	0
23bd9e76-9732-409a-a6c7-a79ede5a56db	4850	BT15_BT1	WT	0
2153033a-6be3-4284-9970-31df56086383	2400	BT15_BT1	WT	0
b0d0f961-a285-4626-b13e-a9603a0a31ea	2700	BT15_BT1	WT	0
7fb8eec7-8ca5-4bfd-b94d-892f354fc89b	650	BT15_BT1	WT	0
7f6beb96-c09c-436b-b3a5-ddf060066491	850	BT15_BT1	WT	0
7f6beb96-c09c-436b-b3a5-ddf060066491	1800	BT15_BT1	WT	0
90718bc9-0998-490f-b5b2-3edba9f99cd4	2150	BT15_BT1	WT	0
c0d56c61-d5f7-41df-8dcd-0d7e340336ff	2250	BT15_BT1	WT	0
70399169-f142-47b9-b69c-0054101c68fc	3050	BT15_BT1	WT	0
70399169-f142-47b9-b69c-0054101c68fc	2650	BT15_BT1	WT	0
c7903dec-fa66-42fc-8143-31ca2004426c	1900	BT15_BT1	WT	0
ad6f975a-26a9-4112-9930-d0d3f3dfa563	2600	BT15_BT1	WT	0
9b47c0e9-9ca9-422e-bd5d-b8752c16b47b	1800	BT15_BT1	WT	0
9b47c0e9-9ca9-422e-bd5d-b8752c16b47b	2000	BT15_BT1	WT	0
d65c8e90-ad5f-4fac-8a24-46b89f17395d	1950	BT15_BT1	WT	0
d65c8e90-ad5f-4fac-8a24-46b89f17395d	2350	BT15_BT1	WT	0
0e853030-ecc9-4b84-835d-c62c73cbcefe	2750	BT15_BT1	WT	0
31d7d09a-34af-41bc-99ff-97cacab33f13	2650	BT15_BT1	WT	0
31d7d09a-34af-41bc-99ff-97cacab33f13	2450	BT15_BT1	WT	0
89601f6d-56d7-45e2-ae18-18734f6eb70a	2050	BT15_BT1	WT	0
4172a60d-1c51-43c1-a64a-5070ac85e230	2300	BT15_BT1	WT	0
ea8912c7-fa92-4b05-8e92-6d6d264ba457	3250	BT15_BT1	WT	0
bade511d-f1aa-40b6-877c-66dcac6e66b7	2400	BT15_BT1	WT	0
bade511d-f1aa-40b6-877c-66dcac6e66b7	1950	BT15_BT1	WT	0
83608301-5354-440c-aabe-addeb22ef89e	1150	BT15_BT1	WT	0
83608301-5354-440c-aabe-addeb22ef89e	2400	BT15_BT1	WT	0
885a80f3-fd39-4370-8607-c8013c7103ba	3050	BT15_BT1	WT	0
6bc2b634-5f65-483e-9ac1-4f695f8a5e51	2350	BT15_BT1	WT	0
a29b5c83-314c-499c-adc0-26a51da71cef	2950	BT15_BT1	WT	0
6176c51b-2093-4c43-a5cb-223db509e46d	1800	BT15_BT1	WT	0
bc8c4030-ba3e-417a-93d0-7643d9cb9ba3	2400	BT15_BT1	WT	0
c5e67cbb-020e-489d-83e5-e48e15a3c19d	3400	BT15_BT1	WT	0
b1da83b5-ee4d-4ab5-ac4c-6e0f2a63a474	1300	BT15_BT1	WT	0
60d0f031-ed97-41d6-ae34-8fbbd22fd592	2350	BT15_BT1	WT	0
c5b3b402-4b44-4972-9d11-9179e6e2502f	2100	BT15_BT1	WT	0
c066e334-0db1-4c06-b680-8f83ae691986	1400	BT15_BT1	WT	0
eea7b721-5d61-43ae-9e86-e1c1bc57324b	2900	BT15_BT1	WT	0
eea7b721-5d61-43ae-9e86-e1c1bc57324b	3250	BT15_BT1	WT	0
b697e005-4535-4abc-b0f5-f5734ecfae52	900	BT15_BT1	WT	0
58b3f4dd-787a-4611-86ba-4a4a4b3b4224	2900	BT15_BT1	WT	0
86a7cc9a-11f4-49cb-829a-8277f8c19360	2600	BT15_BT1	WT	0
86a7cc9a-11f4-49cb-829a-8277f8c19360	2550	BT15_BT1	WT	0
b9317be8-a293-49f9-8bc3-5ad649cb0864	1950	BT15_BT1	WT	0
550f59c8-1e56-46fc-87af-78eaa0730508	2400	BT15_BT1	WT	0
ab61e4a7-d69a-404b-b528-e982f3c4610e	1550	BT15_BT1	WT	0
3ac8e481-125b-47b0-8525-6e9f1f4aa165	2300	BT15_BT1	WT	0
8f192626-1580-46a8-b2b7-6a7edcb2575a	2950	BT15_BT1	WT	0
8f192626-1580-46a8-b2b7-6a7edcb2575a	1750	BT15_BT1	WT	0
8f192626-1580-46a8-b2b7-6a7edcb2575a	2250	BT15_BT1	WT	0
145fb401-40a5-42e0-8987-781ebaac16b8	2500	BT15_BT1	WT	0
01a1002a-4dc7-4e63-83ba-6b199d5d9d45	1700	BT15_BT1	WT	0
01a1002a-4dc7-4e63-83ba-6b199d5d9d45	1250	BT15_BT1	WT	0
691e4806-d9df-443a-80f0-bf3ad6a6118e	2500	BT15_BT1	WT	0
06c006ba-57ac-4384-865a-d6579a3cacbd	2100	BT15_BT1	WT	0
1920eeac-bdfe-43a3-aaee-11adb11246d8	2500	BT15_BT1	WT	0
4c0a1268-bf01-480b-b377-97e7182cf049	2500	BT15_BT1	WT	0
ed795d33-5c5d-4a15-9f7c-4f28c8f5ac9a	2800	BT15_BT1	WT	0
ed795d33-5c5d-4a15-9f7c-4f28c8f5ac9a	1850	BT15_BT1	WT	0
1a4ef28a-865e-482e-95b4-0c789767b25e	1800	BT15_BT1	WT	0
22a573a1-482c-4a7e-badc-283d6178505c	2750	BT15_BT1	WT	0
df6003fb-4ab8-450f-9144-ae0482ca3183	2400	BT15_BT1	WT	0
df6003fb-4ab8-450f-9144-ae0482ca3183	2850	BT15_BT1	WT	0
3f2ce6c5-5983-4135-86f6-98590f3857c9	2800	BT15_BT1	WT	0
3f2ce6c5-5983-4135-86f6-98590f3857c9	2400	BT15_BT1	WT	0
5da8d4fc-3b36-4d6c-918d-30871766c1fb	650	BT15_BT1	WT	0
4b4acbd2-fb6e-43b6-b599-7e091605d851	2800	BT15_BT1	WT	0
f49cd519-01a0-47a1-8e0a-b3f48950bfa2	2200	BT15_BT1	WT	0
11d6ca0d-d2b0-45f4-8d4a-6778f9f9a857	2000	BT15_BT1	WT	0
b36be22e-9725-4f3f-8aa6-f3056d5cad03	3000	BT15_BT1	WT	0
306b5d36-219f-495c-90c0-d9ca613b2ff6	2500	BT15_BT1	WT	0
437a3a6f-7537-4cd7-8be1-884fd0a11387	2700	BT15_BT1	WT	0
b4042a87-4e98-423a-8562-100e4bf6acc8	2900	BT15_BT1	WT	0
a33db2ef-aaf5-4d42-ad09-401d1c103fb6	900	BT15_BT1	WT	0
2fc9b9b9-3f56-4851-9a34-80a216761c39	2300	BT15_BT1	WT	0
0c5219a0-07b3-4373-8760-25bd52fd41af	2100	BT15_BT1	WT	0
168bc3db-f6c6-4cab-b1a5-07f4d7a69a02	2200	BT15_BT1	WT	0
3590aabf-02c8-4372-9926-a61a21a4234c	2100	BT15_BT1	WT	0
3590aabf-02c8-4372-9926-a61a21a4234c	3200	BT15_BT1	WT	0
b2f5d6ba-f167-4326-b3b0-baca9d38fd22	2750	BT15_BT1	WT	0
b2f5d6ba-f167-4326-b3b0-baca9d38fd22	2800	BT15_BT1	WT	0
ef463800-77b9-4f86-8fe6-aadcb0e6fe4a	2500	BT15_BT1	WT	0
396adfe4-fc72-4b02-913a-df8df00f1cb1	2450	BT15_BT1	WT	0
ddeea1e3-dab7-44eb-8d70-e81d8f8a13cd	2450	BT15_BT1	WT	0
442002fe-1cff-4b4e-8553-914ec034eff0	2100	BT15_BT1	WT	0
3f1f4c8c-811c-41d3-b9f7-709517aabd97	4700	BT15_BT1	WT	0
39a9e805-e19b-4d40-ae65-d875607fe9dc	1550	BT15_BT1	WT	0
39a9e805-e19b-4d40-ae65-d875607fe9dc	2500	BT15_BT1	WT	0
a178cfd3-b4cc-4db8-86fa-f73be92e0d6e	2650	BT15_BT1	WT	0
8768aa31-b9df-4154-ae68-67f5830d7db4	2800	BT15_BT1	WT	0
4a8d753c-60ea-4177-86fb-f1f59d27a7f3	1800	BT15_BT1	WT	0
dda12e19-3e49-42ae-af52-79029b9a8132	2100	BT15_BT1	WT	0
f4361e5c-9a5c-486d-b764-850947cc8b2a	1950	BT15_BT1	WT	0
c65df017-395a-4c86-a8b2-bf0345933eb5	2550	BT15_BT1	WT	0
e3fe0063-b453-4a0c-b974-51a7d26882fe	2700	BT15_BT1	WT	0
74301caf-11c6-439b-9ff5-65ab13da3a25	1850	BT15_BT1	WT	0
5f225285-fcbf-48d2-bfbf-2e39072ba72b	2350	BT15_BT1	WT	0
a5c3fde8-b409-44a3-9432-9e1e55183697	2650	BT15_BT1	WT	0
80b0746f-495c-459b-ac1c-db99a70a2761	3350	BT15_BT1	WT	0
5beaae7a-b743-45ef-9c3b-506b79845c20	3050	BT15_BT1	WT	0
1579f1bf-2811-4f67-b095-f8895f879c6f	1900	BT15_BT1	WT	0
e3a7b80a-2ae2-4154-b0b3-b4907a0be96d	2950	BT15_BT1	WT	0
74ee7494-46b5-49fc-933c-4acd3d2e0436	3050	BT15_BT1	WT	0
d640371f-ddea-424a-a32e-9b84c76284ed	3650	BT15_BT1	WT	0
45e8ddf8-6bc4-4875-b246-942babd83f22	3050	BT15_BT1	WT	0
d18a7691-f31d-432b-ad15-783bd35455ca	2350	BT15_BT1	WT	0
2f196c24-9a6a-411e-9f47-4df9ccf8b605	1950	BT15_BT1	WT	0
6a35de2a-136c-4df7-a494-67c5d0d75dae	2650	BT15_BT1	WT	0
89065759-2fb3-45d1-865f-a401bb2275a0	2350	BT15_BT1	WT	0
0f2d3697-4738-40c9-b48b-0f243a5f353a	2850	BT15_BT1	WT	0
0f2d3697-4738-40c9-b48b-0f243a5f353a	1650	BT15_BT1	WT	0
9a27217e-6b0f-42bc-9d8f-8d1e7fe6f11a	2250	BT15_BT1	WT	0
55840200-0273-4d38-b02f-bf3f330afc9e	5250	BT15_BT1	WT	0
55840200-0273-4d38-b02f-bf3f330afc9e	2300	BT15_BT1	WT	0
a7dd0113-ce58-4bc7-b922-a3b20b89fc0c	2400	BT15_BT1	WT	0
a7dd0113-ce58-4bc7-b922-a3b20b89fc0c	1600	BT15_BT1	WT	0
4994ccb9-f122-4a6a-8ee6-c16396b51344	1750	BT15_BT1	WT	0
3e503d0a-de87-4a42-81fa-f7d95e564aee	2350	BT15_BT1	WT	0
a304e7e8-70b7-4916-8791-082303184573	2450	BT15_BT1	WT	0
3f4022de-78ee-4f89-ac44-98910c6ab795	3100	BT15_BT1	WT	0
e7e7ece5-af50-4e65-8ca9-bdefe4eb326d	3850	BT15_BT1	WT	0
5af92c70-a74c-4b9d-acbe-ee38014dad6c	2700	BT15_BT1	WT	0
aa57d550-ebda-4c71-b78e-84f75b1dce5e	2250	BT15_BT1	WT	0
805f3301-3b4a-493f-872a-323cf47714c6	2950	BT15_BT1	WT	0
a456187c-4f37-4fd5-a68f-520b84d4a31d	1750	BT15_BT1	WT	0
a456187c-4f37-4fd5-a68f-520b84d4a31d	1850	BT15_BT1	WT	0
a456187c-4f37-4fd5-a68f-520b84d4a31d	1800	BT15_BT1	WT	0
15fadfa0-5f86-4d7b-b381-8e212a2c460d	2200	BT15_BT1	WT	0
15fadfa0-5f86-4d7b-b381-8e212a2c460d	2550	BT15_BT1	WT	0
933ace3d-5dd0-4932-aa4a-25988fb11a56	3200	BT15_BT1	WT	0
5ecc4cb1-8b3f-401e-b510-a4e6c7a0c2c4	2500	BT15_BT1	WT	0
04a8892a-27cf-469c-9fd5-a625d4d0121b	2550	BT15_BT1	WT	0
d441400f-0748-497b-8707-111683ad6f4f	2550	BT15_BT1	WT	0
d84774b0-4e33-4d9a-911b-8477e33c632e	3050	BT15_BT1	WT	0
336171e7-500c-4bc6-9869-112917188b75	2750	BT15_BT1	WT	0
60aaaa54-279b-4ffb-9e9f-44c488b22915	2700	BT15_BT1	WT	0
7b32856d-cba8-4229-afd6-2de514c0e3df	2450	BT15_BT1	WT	0
fcb95c88-581c-4182-b1d7-aa3ccc3a533f	1900	BT15_BT1	WT	0
29b631de-5cd4-4b1a-a1f4-dd6eee05bd45	2550	BT15_BT1	WT	0
a4b42484-b1e0-42aa-b5f8-ce9d8cfe249f	2250	BT15_BT1	WT	0
f6414373-f745-4f74-9498-afc1bd1bbc8b	3000	BT15_BT1	WT	0
b6be9e92-4dea-42c7-819b-8b9772793f03	3100	BT15_BT1	WT	0
b6be9e92-4dea-42c7-819b-8b9772793f03	3550	BT15_BT1	WT	0
c6f0b2a8-8dac-4dbb-be85-86e36c9fbdd8	2300	BT15_BT1	WT	0
ef3931b1-344f-47ad-a25f-d01c15579b23	3150	BT15_BT1	WT	0
ef3931b1-344f-47ad-a25f-d01c15579b23	1850	BT15_BT1	WT	0
c3911a5f-5b9d-4324-9462-04f324f7931c	2450	BT15_BT1	WT	0
00537f6a-6e5f-40ad-84dc-1ed7d7044263	1550	BT15_BT1	WT	0
81b354bf-2ca4-4c16-b5e7-f525191b094c	3350	BT15_BT1	WT	0
2d79d7f3-53ef-487a-af76-53a23d648724	3350	BT15_BT1	WT	0
09c80671-2a07-4e44-a5dd-74448c43f508	2650	BT15_BT1	WT	0
ddadc728-9556-40a4-9d69-22b85b1dc666	2700	BT15_BT1	WT	0
ddadc728-9556-40a4-9d69-22b85b1dc666	1900	BT15_BT1	WT	0
9b69580b-165e-4831-9346-a831a7242b2f	2800	BT15_BT1	WT	0
9b69580b-165e-4831-9346-a831a7242b2f	3350	BT15_BT1	WT	0
ec9eb0f1-4014-4011-94c8-7d573a602f6d	2400	BT15_BT1	WT	0
ec9eb0f1-4014-4011-94c8-7d573a602f6d	1750	BT15_BT1	WT	0
c05cdada-c4f7-4ab3-8bc2-8c22fa6a8bea	3800	BT15_BT1	WT	0
d429d7ea-37a5-4bb1-aff9-7e6ec80892ba	2850	BT15_BT1	WT	0
abafc156-3a4c-4cc5-8c76-508d830c74c8	2450	BT15_BT1	WT	0
8fb1fbee-9aeb-44ad-86e3-880da1973c11	2700	BT15_BT1	WT	0
8fb1fbee-9aeb-44ad-86e3-880da1973c11	1700	BT15_BT1	WT	0
60096656-f3a2-47dc-a8d0-5dc0c2b85544	2900	BT15_BT1	WT	0
bc15137e-0f00-4de4-8862-18b38bf195ec	1900	BT15_BT1	WT	0
fab59251-9abf-459a-9e6b-28758e2b7a5d	2450	BT15_BT1	WT	0
9cefe199-d3a9-4657-b367-e2a34f66e722	2350	BT15_BT1	WT	0
979ab947-3742-4ba3-9691-502f7ea86b33	2600	BT15_BT1	WT	0
c970ac16-315f-4078-97af-1c2bf64db6ab	2850	BT15_BT1	WT	0
c906738d-4d46-4978-a600-f09e7fc3e5f4	3300	BT15_BT1	WT	0
2ca8073b-051a-4fb9-812e-da958999246e	2550	BT15_BT1	WT	0
a869af1d-75e9-4218-a278-1cf41df26697	3100	BT15_BT1	WT	0
8469135f-6dd9-46fb-a007-b2f0b1f7fc27	2700	BT15_BT1	WT	0
8469135f-6dd9-46fb-a007-b2f0b1f7fc27	2450	BT15_BT1	WT	0
05ec6be1-2fa7-45ff-b73f-bf55df32f5d1	2400	BT15_BT1	WT	0
05ec6be1-2fa7-45ff-b73f-bf55df32f5d1	1850	BT15_BT1	WT	0
6fe098ce-d164-44c4-800e-25ad0cde5954	500	BT15_BT1	WT	0
6137f01f-5ddc-4709-8bb5-f3a209bb9b60	2200	BT15_BT1	WT	0
19a239aa-b6ea-4678-aa9e-a7e3135654a6	2050	BT15_BT1	WT	0
19a239aa-b6ea-4678-aa9e-a7e3135654a6	5100	BT15_BT1	WT	0
8741be98-9ee2-44e8-8f76-7b004ee2bea4	2900	BT15_BT1	WT	0
39d97c9c-2740-49c2-94da-7f4d6d08f3dc	2350	BT15_BT1	WT	0
39d97c9c-2740-49c2-94da-7f4d6d08f3dc	1850	BT15_BT1	WT	0
355677aa-8ad2-4cc0-9ba6-e6796074595f	2250	BT15_BT1	WT	0
fa75f93e-8989-48e5-b061-760898045333	3250	BT15_BT1	WT	0
989d76b5-c52e-4de7-85ce-63157080cea8	2100	BT15_BT1	WT	0
f081fdd3-e6e9-4f05-812a-1f10915bc6dc	1150	BT15_BT1	WT	0
b2e322d0-0965-4846-813a-a0f84f63c4e8	4100	BT15_BT1	WT	0
f4d6c362-eb10-4afa-b0b4-2069eae16380	2900	BT15_BT1	WT	0
2f07add2-efb5-496d-8f9e-54b1bdfbf522	2600	BT15_BT1	WT	0
3b269b72-0152-47e8-ad5f-fbfbffba5b99	3050	BT15_BT1	WT	0
e9d23c1f-734f-4ce9-9411-90324e093961	2500	BT15_BT1	WT	0
a103e21a-aef3-479e-a112-322a6cf8dbf7	1850	BT15_BT1	WT	0
a103e21a-aef3-479e-a112-322a6cf8dbf7	2050	BT15_BT1	WT	0
f847ba0e-f2c7-4434-a114-8bfe967b7217	2950	BT15_BT1	WT	0
fc396485-f251-4790-9efe-b797a670e0eb	2300	BT15_BT1	WT	0
bc2d6133-18bd-4465-bf80-0eeab850dd4e	1800	BT15_BT1	WT	0
33782952-95ac-4ced-a35f-528988ef5e28	3750	BT15_BT1	WT	0
1444fff4-a3e2-40d7-9bc7-238d193d22ec	2750	BT15_BT1	WT	0
0a528f3d-efa3-42ff-8314-00da68e8e87a	2900	BT15_BT1	WT	0
206452b9-8815-448a-b484-829e8cca43ee	2500	BT15_BT1	WT	0
206452b9-8815-448a-b484-829e8cca43ee	2150	BT15_BT1	WT	0
428adaad-8874-4fc7-a76f-aa56ef7a302e	2250	BT15_BT1	WT	0
d54033fa-edf8-4752-870d-8315213dbea7	2800	BT15_BT1	WT	0
cba55e5a-7413-458c-bf5d-0345ea49e362	2900	BT15_BT1	WT	0
06d24b42-a83a-4b05-9a03-967372f3d1bf	2050	BT15_BT1	WT	0
d9eb045a-6149-4c23-8bec-874fed843fcc	2550	BT15_BT1	WT	0
299e6574-df86-4249-9d1d-7fb4334da5e3	2550	BT15_BT1	WT	0
299e6574-df86-4249-9d1d-7fb4334da5e3	2500	BT15_BT1	WT	0
1d228d4b-2bc9-42dd-9d93-7be5ba37c287	2700	BT15_BT1	WT	0
9482af4e-7e96-40dc-b3d2-7d4643b81560	2250	BT15_BT1	WT	0
a77d2ed4-76d7-4ce7-9d1d-672d2186bd94	2150	BT15_BT1	WT	0
a77d2ed4-76d7-4ce7-9d1d-672d2186bd94	2150	BT15_BT1	WT	0
666153de-d1a8-4836-9e11-7ed61339a557	2350	BT15_BT1	WT	0
666153de-d1a8-4836-9e11-7ed61339a557	2000	BT15_BT1	WT	0
73d5a353-255a-4d01-8946-197e5f549763	3100	BT15_BT1	WT	0
0d1ba2be-5ea9-485a-81fc-fd77e186f72a	2950	BT15_BT1	WT	0
4811dbd6-9819-4558-9f6e-1d9ee5f4f47a	2800	BT15_BT1	WT	0
1ba490d3-3f00-4747-8b7a-2db54955dfeb	2600	BT15_BT1	WT	0
1ba490d3-3f00-4747-8b7a-2db54955dfeb	1500	BT15_BT1	WT	0
60f4646c-e077-4342-a5fb-2fc18a31cc08	2500	BT15_BT1	WT	0
8d12bccf-79ca-4c66-b349-beb7bf69bb0e	850	BT15_BT1	WT	0
3dc1996e-23e6-4f0a-b4f9-62f40019264e	2850	BT15_BT1	WT	0
7477bde7-9658-4719-844b-a7922bb9c1f1	2700	BT15_BT1	WT	0
ec6ca461-416d-46f5-8bdd-07323323f6d2	2150	BT15_BT1	WT	0
a99beca6-5c07-42b2-b2db-08f8cabc1f78	3050	BT15_BT1	WT	0
a99beca6-5c07-42b2-b2db-08f8cabc1f78	2300	BT15_BT1	WT	0
bd40a717-0bec-44bf-b3f8-7d47867ac9eb	650	BT15_BT1	WT	0
6f0e02fe-7eda-457f-b4c1-a949d0d08e09	2250	BT15_BT1	WT	0
35a343c0-a238-4f52-a79d-1cc5a9ea520e	1450	BT15_BT1	WT	0
dba6fb0c-7b62-4dc3-ba74-d5a3ebde017f	2300	BT15_BT1	WT	0
d3aa081f-1f26-491d-bd68-78c34597758f	2700	BT15_BT1	WT	0
dc9b1466-de4b-4a2e-bc29-7b243e536ce4	2200	BT15_BT1	WT	0
6f6ab329-d06b-409d-89a3-b7e02e42691b	1600	BT15_BT1	WT	0
ef0df70a-51ba-4ad3-980e-d775c96f196c	1100	BT15_BT1	WT	0
c6d990ef-4bd2-4eb3-974d-bd981a4a3ccc	1050	BT15_BT1	WT	0
d9ffb21f-f841-41b8-853e-8a95e1884371	1100	BT15_BT1	WT	0
48721b33-638d-4504-ba52-aa7f93ee6f78	950	BT15_BT1	WT	0
883fb198-6da3-4e48-89f5-784008ef8e5d	2400	BT15_BT1	WT	0
883fb198-6da3-4e48-89f5-784008ef8e5d	2300	BT15_BT1	WT	0
3d946894-8266-48d3-a91e-8ffa8c061ea1	2200	BT15_BT1	WT	0
3d946894-8266-48d3-a91e-8ffa8c061ea1	1950	BT15_BT1	WT	0
126f7870-d315-4b60-b94f-1cdeb7d0e957	2100	BT15_BT1	WT	0
126f7870-d315-4b60-b94f-1cdeb7d0e957	2450	BT15_BT1	WT	0
fef7f576-d62f-4ada-b43a-800888b5f88a	2450	BT15_BT1	WT	0
fef7f576-d62f-4ada-b43a-800888b5f88a	2650	BT15_BT1	WT	0
efbf45cb-0764-482a-b623-85f35a434890	1750	BT15_BT1	WT	0
89554829-4a85-4979-81f9-00dca70bb76d	2450	BT15_BT1	WT	0
213763ca-25d8-4003-911a-46867f0c37e0	2500	BT15_BT1	WT	0
f1b452c4-28ef-4dbc-845f-a9ed3e065d5c	3900	BT15_BT1	WT	0
f1b452c4-28ef-4dbc-845f-a9ed3e065d5c	2000	BT15_BT1	WT	0
810898a2-ca9e-45b9-ba46-ad60ff000c8d	3550	BT15_BT1	WT	0
810898a2-ca9e-45b9-ba46-ad60ff000c8d	3150	BT15_BT1	WT	0
1aa0b131-96a9-4f6d-b9ac-5163685e47fb	1600	BT15_BT1	WT	0
87570b19-5b8f-4e70-8ddf-543c34617f8b	2850	BT15_BT1	WT	0
f352c074-b73a-408a-bb0c-247af79d4e44	2300	BT15_BT1	WT	0
df8f0133-1b5a-4d40-8c9f-699e5455f384	900	BT15_BT1	WT	0
adca0821-69df-4328-97f2-969ffcc2b07d	2800	BT15_BT1	WT	0
adca0821-69df-4328-97f2-969ffcc2b07d	2150	BT15_BT1	WT	0
fe2a3b86-8db6-4428-b777-596a4ff42234	1400	BT15_BT1	WT	0
fe2a3b86-8db6-4428-b777-596a4ff42234	2200	BT15_BT1	WT	0
60d71dfd-f4b4-4e9f-9831-c8bfc66aae38	2500	BT15_BT1	WT	0
5e82d801-d4a4-4a20-b1ff-0ff1a7095a84	2200	BT15_BT1	WT	0
7f2541cc-f27d-4560-aaf4-60e6657b43f4	2100	BT15_BT1	WT	0
8e552aa5-af19-44ac-a778-966761fc606c	2050	BT15_BT1	WT	0
94d99e57-ee73-43dd-af63-49bc2bd36d56	2350	BT15_BT1	WT	0
76d72aed-3a1e-4d31-85df-c9a96742667c	2000	BT15_BT1	WT	0
3a576334-b7e8-4947-9f45-2b154449b175	900	BT15_BT1	WT	0
4dd4022a-1b38-4f64-a539-db3753cfe4dc	700	BT15_BT1	WT	0
8fc1cb2f-03ca-4e38-a2ae-cd4b19fa304a	1250	BT15_BT1	WT	0
98dae193-5419-473e-b368-49993454ee0d	1750	BT15_BT1	WT	0
98dae193-5419-473e-b368-49993454ee0d	2600	BT15_BT1	WT	0
f76bf65b-4753-42d6-b317-30a69c90ded9	2200	BT15_BT1	WT	0
f76bf65b-4753-42d6-b317-30a69c90ded9	1500	BT15_BT1	WT	0
6f6d905d-1a88-4ab4-b301-f10425af6b62	1550	BT15_BT1	WT	0
481bf656-0861-4457-9f67-30deca7caf9b	2600	BT15_BT1	WT	0
481bf656-0861-4457-9f67-30deca7caf9b	2700	BT15_BT1	WT	0
f8cc6913-9e14-4212-8689-a9e567c2075a	2000	BT15_BT1	WT	0
244919ae-aaa1-47dc-9cb2-39880de90b81	2450	BT15_BT1	WT	0
b47d7156-43b5-4698-9c51-984f3dfa24e8	2000	BT15_BT1	WT	0
9d08a950-c5ec-42da-9f95-7b1e57532750	2300	BT15_BT1	WT	0
9d08a950-c5ec-42da-9f95-7b1e57532750	2100	BT15_BT1	WT	0
60ee2e06-0cbe-44f1-9df9-8a9185421324	2200	BT15_BT1	WT	0
62510fbd-c0c7-4178-a161-4a1e5106a733	2000	BT15_BT1	WT	0
62510fbd-c0c7-4178-a161-4a1e5106a733	1900	BT15_BT1	WT	0
4511ab72-0eb3-4a81-ab2f-cee77f8dfdca	3050	BT15_BT1	WT	0
4511ab72-0eb3-4a81-ab2f-cee77f8dfdca	2850	BT15_BT1	WT	0
ccb5443c-077f-4155-a67e-fdc2985d115c	2450	BT15_BT1	WT	0
ccb5443c-077f-4155-a67e-fdc2985d115c	1950	BT15_BT1	WT	0
d9062a79-0f59-4b45-bf40-e4cae4e40b20	2350	BT15_BT1	WT	0
a9df592a-4134-49c2-b488-d2fbd1ef9ace	2850	BT15_BT1	WT	0
3648e268-58d9-4167-9cdf-b31325fd52d2	1500	BT15_BT1	WT	0
3648e268-58d9-4167-9cdf-b31325fd52d2	2150	BT15_BT1	WT	0
7b855c45-c572-41f4-8839-9b05151ff8ee	2650	BT15_BT1	WT	0
71e8814f-2e7c-4ae4-9756-35ba09210e09	2950	BT15_BT1	WT	0
4681fdf3-0ed9-455f-9693-eb261d76929d	2500	BT15_BT1	WT	0
4681fdf3-0ed9-455f-9693-eb261d76929d	2300	BT15_BT1	WT	0
85df411a-ba70-4666-8efb-e0001887940c	2800	BT15_BT1	WT	0
595ce4db-a25e-4bc7-b468-7becb65d64f8	3100	BT15_BT1	WT	0
f3d55893-5631-42f5-8c69-248fc2281a4c	2150	BT15_BT1	WT	0
f3d55893-5631-42f5-8c69-248fc2281a4c	3100	BT15_BT1	WT	0
dad973ec-10e4-4205-8729-460c6d493438	2250	BT15_BT1	WT	0
1f9e3c11-f814-4be4-96ef-9f1ae55196b5	2100	BT15_BT1	WT	0
1f9e3c11-f814-4be4-96ef-9f1ae55196b5	2500	BT15_BT1	WT	0
9d6fe9b6-32f2-4151-b722-00ce40b104a2	2050	BT15_BT1	WT	0
fd7cf05e-349e-421f-b030-046ca46aca77	2650	BT15_BT1	WT	0
37f94c0d-cbe1-4d64-abc9-e48b6c5d70a4	1400	BT15_BT1	WT	0
772f9015-8e82-4921-91fe-b93fdd00869a	1100	BT15_BT1	WT	0
c7c6df58-9de7-4645-a9ef-83197ed630e3	2150	BT15_BT1	WT	0
ee837292-6004-47b3-b116-ced08239b10a	2300	BT15_BT1	WT	0
a24829e7-7940-4603-9f87-a74f6c4d40b2	2000	BT15_BT1	WT	0
85a0f84e-8cf5-4839-b7e7-530d1cb1288b	2900	BT15_BT1	WT	0
ca95c746-9f15-4b6e-994c-7fc57b7a366c	1850	BT15_BT1	WT	0
ca95c746-9f15-4b6e-994c-7fc57b7a366c	2450	BT15_BT1	WT	0
c0b4f1e4-bff5-4a11-92d7-06296d4ff14f	2550	BT15_BT1	WT	0
9c94cb4e-73f1-4b08-bdb0-eace60251e7f	1350	BT15_BT1	WT	0
c530a2f7-334d-4bc9-bf33-58e4a9c63d96	2250	BT15_BT1	WT	0
d2eff534-18fb-4bbf-bad3-aec84c3540a9	1850	BT15_BT1	WT	0
24208f1d-0d33-4ae1-ab3e-a5f95c334104	3000	BT15_BT1	WT	0
8ef6f975-df77-4ca5-b870-f0fffcbda4f2	2600	BT15_BT1	WT	0
3b1d1b6f-5e3d-4e3a-8fb5-315c62ee628a	2600	BT15_BT1	WT	0
5f722116-920c-43fc-a4ca-415a77de17d4	1300	BT15_BT1	WT	0
7802256b-7fdb-4584-bbeb-08b4576acef6	2750	BT15_BT1	WT	0
812c5507-d7f6-4ffd-9f04-f087e6da2ce9	3700	BT15_BT1	WT	0
812c5507-d7f6-4ffd-9f04-f087e6da2ce9	1950	BT15_BT1	WT	0
812c5507-d7f6-4ffd-9f04-f087e6da2ce9	2550	BT15_BT1	WT	0
65d6acfd-ba79-4a0d-9c4f-9cb2d5c097fc	2850	BT15_BT1	WT	0
65d6acfd-ba79-4a0d-9c4f-9cb2d5c097fc	1650	BT15_BT1	WT	0
0c64f4d6-fcf7-4c00-be5f-7736f6efbf88	1600	BT15_BT1	WT	0
b77a4980-200e-4423-8220-00bf1061f4c7	2850	BT15_BT1	WT	0
e3f2a029-9f8b-4dd2-ba3c-63971ffd64f2	2350	BT15_BT1	WT	0
eb4c7ba2-7251-4f6c-ae14-4ac28c81b5b4	3300	BT15_BT1	WT	0
81586140-6248-4c23-9541-0c1538192dd2	2800	BT15_BT1	WT	0
be3d9502-5983-4db4-9626-be5f1feb3872	2750	BT15_BT1	WT	0
0a4816b8-02e5-47f1-982e-a195dcc49292	2450	BT15_BT1	WT	0
fdd505ee-b68f-4499-9c86-08db7f659d36	850	BT15_BT1	WT	0
5644ed2f-a412-486e-b41e-e32adf85e92f	2050	BT15_BT1	WT	0
6d26c06b-a06a-45d2-8e9f-5d2b8c2bdecd	2900	BT15_BT1	WT	0
3ccb6f48-2e9f-4841-9dca-7354d92b0659	1450	BT15_BT1	WT	0
3ccb6f48-2e9f-4841-9dca-7354d92b0659	2100	BT15_BT1	WT	0
2ba0a74b-c198-44d4-a421-2f26c5999bb1	2750	BT15_BT1	WT	0
f1423c7e-44b2-4904-84c1-498796cc4a32	2950	BT15_BT1	WT	0
f1423c7e-44b2-4904-84c1-498796cc4a32	2650	BT15_BT1	WT	0
41b7706b-77df-4fa8-a33d-c08c06cee4bc	1800	BT15_BT1	WT	0
41b7706b-77df-4fa8-a33d-c08c06cee4bc	1950	BT15_BT1	WT	0
43c5633c-889d-41f1-926c-c9cd6cce61a2	2850	BT15_BT1	WT	0
111424fd-e94b-46ea-9750-71b4239f2cc1	2950	BT15_BT1	WT	0
af893fb4-e3bf-4562-b96f-926aa12e91de	1600	BT15_BT1	WT	0
47747168-9fa0-43d9-a99f-42c6bb31daf2	1850	BT15_BT1	WT	0
c81a6620-3c89-416a-9b5a-be49a9bee61a	2600	BT15_BT1	WT	0
083a2d6f-b56f-4e93-a49e-118186464104	2950	BT15_BT1	WT	0
083a2d6f-b56f-4e93-a49e-118186464104	2400	BT15_BT1	WT	0
c4d1306b-8851-4a86-922a-c2f2049d81a6	3100	BT15_BT1	WT	0
f36011fb-e6e8-4ddf-8b4a-3c3f07c7ac31	2850	BT15_BT1	WT	0
5116b493-1953-48d9-a735-f321e65bd1e2	2900	BT15_BT1	WT	0
750db20d-4148-4cd0-9fad-34e1d7beed43	800	BT15_BT1	WT	0
b756f9e7-52c4-46d6-a496-9e40b1978b97	2150	BT15_BT1	WT	0
3e620197-7478-4f9a-9b5c-19b62f4bce6b	2950	BT15_BT1	WT	0
c84fc3d4-0a56-4060-b046-a5d322a5240e	1950	BT15_BT1	WT	0
1f417714-17cc-4101-87c9-bacc2f2b5cef	1650	BT15_BT1	WT	0
1f417714-17cc-4101-87c9-bacc2f2b5cef	1900	BT15_BT1	WT	0
b6d184ce-a7ac-48dd-ad4a-ac9077bab84f	1800	BT15_BT1	WT	0
a130ea52-0eca-4d5e-8fe2-ed92ba17c780	1800	BT15_BT1	WT	0
1dcd9d47-5dd2-4b19-9ff2-b11b9ddc68b6	2850	BT15_BT1	WT	0
fcc5255a-ef9a-49aa-8cbf-84d3df1f806d	1300	BT15_BT1	WT	0
fcc5255a-ef9a-49aa-8cbf-84d3df1f806d	1550	BT15_BT1	WT	0
62770c45-13a5-4107-b02f-1dcf49615fbc	2300	BT15_BT1	WT	0
a09dd684-48fd-41a3-873d-cace2998ca0b	2850	BT15_BT1	WT	0
7d5802c7-7c6d-435f-9c8a-caea43cccadc	2900	BT15_BT1	WT	0
a6c4512f-dfb8-4777-b529-7f15bbaac208	2700	BT15_BT1	WT	0
d9f17d18-e080-484e-ae50-a9004647b40f	2400	BT15_BT1	WT	0
5b2a8cd8-8836-4d79-ad61-65e41cf98bb1	1200	BT15_BT1	WT	0
5cbac1c3-dccc-4717-bdc7-4f18858e751b	2700	BT15_BT1	WT	0
3a885e3e-b165-4bdb-99f2-f4875a955c73	2600	BT15_BT1	WT	0
9e0e54f5-c879-43eb-836c-2b76a2b35c12	2550	BT15_BT1	WT	0
9e0e54f5-c879-43eb-836c-2b76a2b35c12	2450	BT15_BT1	WT	0
d6369133-d1d3-4698-8ba7-8bf4a7b1d58a	2500	BT15_BT1	WT	0
d6369133-d1d3-4698-8ba7-8bf4a7b1d58a	1850	BT15_BT1	WT	0
8287c114-9f27-4a39-bcce-46adcbf5e8f8	1900	BT15_BT1	WT	0
e62017bf-1566-463d-857d-55ff65b901fd	2750	BT15_BT1	WT	0
fb696f26-4f52-46b4-845e-0c1856ac4f72	2450	BT15_BT1	WT	0
69e61dba-f414-4171-9008-6a7c8dd8fc2c	2500	BT15_BT1	WT	0
0b5eb4dd-fdf6-4e28-b658-ca7759f0ad8a	1550	BT15_BT1	WT	0
0b5eb4dd-fdf6-4e28-b658-ca7759f0ad8a	3200	BT15_BT1	WT	0
687a4216-5bd2-4dcf-b56d-e9c7febc85de	3000	BT15_BT1	WT	0
163c0c43-5a62-4ae8-9f8a-367539b66228	2050	BT15_BT1	WT	0
fb4a0c77-7942-424b-b668-b93500e71fba	1700	BT15_BT1	WT	0
fb4a0c77-7942-424b-b668-b93500e71fba	2400	BT15_BT1	WT	0
c43f2b9c-41ba-4ed9-bedf-d331fb7157f5	850	BT15_BT1	WT	0
33c49600-302a-42a4-952c-972ab00ec721	2250	BT15_BT1	WT	0
ec23a2c3-a5be-439e-a40c-cc51e4dedca9	3400	BT15_BT1	WT	0
ec23a2c3-a5be-439e-a40c-cc51e4dedca9	2700	BT15_BT1	WT	0
7d70b1b3-bdf1-4c67-93c7-1bef0dddf87f	2300	BT15_BT1	WT	0
fffb2287-2f6f-41b9-a23c-67c8bff425b9	2850	BT15_BT1	WT	0
fffb2287-2f6f-41b9-a23c-67c8bff425b9	2300	BT15_BT1	WT	0
0c93a811-2fb6-4f4e-a778-541f8d99711e	3250	BT15_BT1	WT	0
0d159055-8b84-4a05-989e-d164e1015fbf	1950	BT15_BT1	WT	0
0d159055-8b84-4a05-989e-d164e1015fbf	2900	BT15_BT1	WT	0
bd4c2086-f127-4618-affe-b4a5e73825af	2800	BT15_BT1	WT	0
003ad85e-1508-45e6-a556-61bf856c0422	1850	BT15_BT1	WT	0
0c390fbe-1625-4fa2-b5d7-5d5b8f3fd4cc	2500	BT15_BT1	WT	0
0c37c453-53c2-477d-880d-3ab963506e42	2200	BT15_BT1	WT	0
0c37c453-53c2-477d-880d-3ab963506e42	2100	BT15_BT1	WT	0
fb1a107b-4c92-4a1f-b6c9-5802468d0957	2200	BT15_BT1	WT	0
729816ea-5c61-4507-b23c-3ea0882443c7	2250	BT15_BT1	WT	0
ce0a4e6e-b3c7-41bc-b6d8-4e19f81f6bca	2450	BT15_BT1	WT	0
15c9af3c-1a6e-44bc-b8a1-ea180ab44935	2400	BT15_BT1	WT	0
15c9af3c-1a6e-44bc-b8a1-ea180ab44935	2000	BT15_BT1	WT	0
54cede93-baae-4ffd-9047-81485becfd13	2750	BT15_BT1	WT	0
f145c72f-9d69-48cc-a7f0-0b203cc4d137	2300	BT15_BT1	WT	0
f145c72f-9d69-48cc-a7f0-0b203cc4d137	3050	BT15_BT1	WT	0
607be002-6a84-4fe0-ae06-44eaf9291ed5	2500	BT15_BT1	WT	0
607be002-6a84-4fe0-ae06-44eaf9291ed5	1900	BT15_BT1	WT	0
ac7dd135-6f82-494d-9fe6-b7c21fc1c5b3	1850	BT15_BT1	WT	0
e47819f7-80f3-4c7d-835b-e672d4f0b37d	2450	BT15_BT1	WT	0
bf9f3bee-f042-418d-8f2c-3bf551c655dd	1750	BT15_BT1	WT	0
3fa74e75-288b-4035-8d70-aa2c081a9a50	1800	BT15_BT1	WT	0
62d19ee4-83b0-4a0e-86c3-589241c707f8	2350	BT15_BT1	WT	0
1dadc1ce-48d4-445c-b251-5b0cc154da1f	2500	BT15_BT1	WT	0
4bbf4d06-5d89-467d-94fb-b66ddc317700	2550	BT15_BT1	WT	0
a46567f8-963d-4062-976f-9a6ec6dd84c5	2400	BT15_BT1	WT	0
a46567f8-963d-4062-976f-9a6ec6dd84c5	3350	BT15_BT1	WT	0
22d6516f-07e5-43ad-86c8-afee93de4b44	550	BT15_BT1	WT	0
486852cb-c37c-4bde-aa94-b1cb31a0a429	2300	BT15_BT1	WT	0
486852cb-c37c-4bde-aa94-b1cb31a0a429	2750	BT15_BT1	WT	0
486852cb-c37c-4bde-aa94-b1cb31a0a429	2450	BT15_BT1	WT	0
c0c1013d-bc37-4457-8a47-ba97023618c8	2450	BT15_BT1	WT	0
551474d6-8c23-4d60-b756-cec5bf5feb9d	2350	BT15_BT1	WT	0
0caef426-62f4-4cc6-a5ce-5c007edc1695	2600	BT15_BT1	WT	0
f95b7ae6-08e0-4f5c-83f3-86b5d412cd64	3250	BT15_BT1	WT	0
95fffe5d-2706-42f6-95b1-c197de1fbc0c	1600	BT15_BT1	WT	0
95fffe5d-2706-42f6-95b1-c197de1fbc0c	2900	BT15_BT1	WT	0
f31efc85-4af3-46b5-8a95-8ede99d681e2	2550	BT15_BT1	WT	0
33a8bda5-693c-4da3-835d-0646ab4a69c0	1450	BT15_BT1	WT	0
33a8bda5-693c-4da3-835d-0646ab4a69c0	1800	BT15_BT1	WT	0
38623fad-49e2-4cbd-8271-8dc9285759bb	2700	BT15_BT1	WT	0
38623fad-49e2-4cbd-8271-8dc9285759bb	2550	BT15_BT1	WT	0
7ff231e6-0d0e-495f-96a8-723fa70a63bc	3250	BT15_BT1	WT	0
6e014b38-a51e-4e33-8140-29a65eb9d241	3300	BT15_BT1	WT	0
8ef62cac-c595-4f90-854b-aad101f83b71	2300	BT15_BT1	WT	0
8ef62cac-c595-4f90-854b-aad101f83b71	2400	BT15_BT1	WT	0
f986961a-6b68-441c-9e7c-11fcf113754c	2700	BT15_BT1	WT	0
f986961a-6b68-441c-9e7c-11fcf113754c	2800	BT15_BT1	WT	0
8ae9764c-fd6f-4dcb-a276-d25a5fdaf7d5	2400	BT15_BT1	WT	0
2492dca7-3368-45b1-94a1-0607a79a3a85	2850	BT15_BT1	WT	0
6d03541b-e925-43d6-9fa7-753821c1bad9	2550	BT15_BT1	WT	0
360432f7-02fb-4740-94c8-3e1663f869f4	2450	BT15_BT1	WT	0
b712d0d8-f0f1-4e93-a7fc-4a4d92470eb6	2600	BT15_BT1	WT	0
b712d0d8-f0f1-4e93-a7fc-4a4d92470eb6	1900	BT15_BT1	WT	0
97bbadfe-ba1c-422b-aa4b-841342f63557	1200	BT15_BT1	WT	0
7e03ac93-530e-47ca-9a01-769e6ecfb9b5	2250	BT15_BT1	WT	0
7e03ac93-530e-47ca-9a01-769e6ecfb9b5	2250	BT15_BT1	WT	0
fc0dafbe-faaf-4891-bf56-d1074972dd9e	2550	BT15_BT1	WT	0
3ff74d8f-fb9a-4ddc-a5f0-3e22900aa9ad	2300	BT15_BT1	WT	0
3ff74d8f-fb9a-4ddc-a5f0-3e22900aa9ad	3300	BT15_BT1	WT	0
db6f206d-839f-4c42-be8e-7c6314ddf730	3800	BT15_BT1	WT	0
07425e0b-1caf-43b0-a5c2-1540a1943f97	900	BT15_BT1	WT	0
53cfe526-3d64-44bd-a8ed-f7dc2c55f421	2550	BT15_BT1	WT	0
da391145-dd62-4741-ac7f-aca5dbe336e2	2250	BT15_BT1	WT	0
42088013-0e3f-4912-9f93-7a7c8ccaf42e	2850	BT15_BT1	WT	0
fe5c0310-f56c-4393-9ab6-d14cd02e99e8	3050	BT15_BT1	WT	0
1cc640d0-cce0-4607-a946-44441df6fdfa	2000	BT15_BT1	WT	0
72e28e20-c42a-4e61-b8e4-16f19df2a032	2750	BT15_BT1	WT	0
72e28e20-c42a-4e61-b8e4-16f19df2a032	850	BT15_BT1	WT	0
72e28e20-c42a-4e61-b8e4-16f19df2a032	1600	BT15_BT1	WT	0
1e318dbf-7165-470a-bbf6-60d00a5eaf32	1100	BT15_BT1	WT	0
f7f18b6f-eef2-4625-9a53-55ea3f664edf	2400	BT15_BT1	WT	0
f7f18b6f-eef2-4625-9a53-55ea3f664edf	2100	BT15_BT1	WT	0
45a1c9c0-5132-46b2-bc63-185c1bdab426	2650	BT15_BT1	WT	0
f6e791b6-affd-44be-a90b-be9def9f89a4	1750	BT15_BT1	WT	0
248731af-aa09-4f37-9305-d5e4f2d56f8a	2000	BT15_BT1	WT	0
245ae2fa-d8a1-4da3-b52f-6257d6ffc748	2450	BT15_BT1	WT	0
71247d5e-3e7d-46bd-aca2-79b887b8bf46	2400	BT15_BT1	WT	0
6dbc6990-5052-4313-938b-ed66c40e6330	1750	BT15_BT1	WT	0
112fd254-bc7a-4ab5-9a52-3475ab964563	4050	BT15_BT1	WT	0
112fd254-bc7a-4ab5-9a52-3475ab964563	2200	BT15_BT1	WT	0
fe506573-974b-4cec-84b5-678946e141d0	2450	BT15_BT1	WT	0
063b7fd5-21a3-4c17-b124-6a5ff821ea43	2300	BT15_BT1	WT	0
511530ee-230f-4830-b4ca-3ce3cd72fd25	2850	BT15_BT1	WT	0
d549d796-90ca-4a3f-8396-b26b9e3fa02f	2450	BT15_BT1	WT	0
7aa650af-0f2a-44ca-a3d4-8c854bb59651	2250	BT15_BT1	WT	0
5aa3a7fd-475a-4a4c-bf7b-4b4a8df2f57a	1700	BT15_BT1	WT	0
8eca94e3-1361-4150-9a72-03f36b40e504	2450	BT15_BT1	WT	0
8eca94e3-1361-4150-9a72-03f36b40e504	3150	BT15_BT1	WT	0
6135c365-3fae-4c1c-8be7-173d6328c78f	2950	BT15_BT1	WT	0
ffe0f027-9431-4bd0-ba7e-0450cd645233	2250	BT15_BT1	WT	0
93c2714d-dded-4eec-8bd2-575c053228f6	2550	BT15_BT1	WT	0
68e1ee58-54fd-40af-a9db-9e4665ed4448	2550	BT15_BT1	WT	0
c5dc1e1f-3393-4f26-ad31-af47f244d825	2400	BT15_BT1	WT	0
0b395c34-d154-4bd1-b7db-ab0c1f5273f9	1400	BT15_BT1	WT	0
97c085ce-73cd-4eea-884e-38ef38c120a0	1000	BT15_BT1	WT	0
97c085ce-73cd-4eea-884e-38ef38c120a0	2700	BT15_BT1	WT	0
1c550fcb-a5f3-4248-9a3b-3e18b0f27f80	2300	BT15_BT1	WT	0
f4590bc8-7836-45ba-a056-cc98f6fab9e2	2150	BT15_BT1	WT	0
73da9f60-9ab9-46d2-a8a4-57c2c0d9ebb5	3200	BT15_BT1	WT	0
111afa67-3672-477e-b768-fdb7d7e882c5	2550	BT15_BT1	WT	0
4caf4de9-041d-4504-b3bf-34c19efddb51	2150	BT15_BT1	WT	0
86d715bb-cca4-4e45-a59b-c7ffdc8650b5	2600	BT15_BT1	WT	0
655f174a-3383-45aa-9821-fd86a8952b98	1700	BT15_BT1	WT	0
d096b85e-0634-471a-a7c4-8581c674745b	2850	BT15_BT1	WT	0
8840d6d2-b446-4541-b1d0-3f84f64885fb	2200	BT15_BT1	WT	0
9446c017-9e8d-4752-aaee-551cf11a27d1	1750	BT15_BT1	WT	0
9446c017-9e8d-4752-aaee-551cf11a27d1	2550	BT15_BT1	WT	0
83c4508e-dba5-4365-92f9-34e8f7e8b091	2050	BT15_BT1	WT	0
a4a8b2bc-eb42-47ca-8063-a821d405615e	2500	BT15_BT1	WT	0
4b4def57-1ceb-4bbc-a106-5696643ea851	2450	BT15_BT1	WT	0
8f799843-0116-4973-a4b3-d0fca90d60a9	1600	BT15_BT1	WT	0
8f799843-0116-4973-a4b3-d0fca90d60a9	2300	BT15_BT1	WT	0
a1435028-b0bd-4338-85ef-f13eb71e09a7	2200	BT15_BT1	WT	0
83c1ba30-2e36-4246-a48f-48c6e11f2ec9	3350	BT15_BT1	WT	0
83c1ba30-2e36-4246-a48f-48c6e11f2ec9	2050	BT15_BT1	WT	0
83c1ba30-2e36-4246-a48f-48c6e11f2ec9	2500	BT15_BT1	WT	0
83c1ba30-2e36-4246-a48f-48c6e11f2ec9	2650	BT15_BT1	WT	0
74818630-2af9-43aa-894b-4c2df5864066	2350	BT15_BT1	WT	0
74818630-2af9-43aa-894b-4c2df5864066	2050	BT15_BT1	WT	0
5d3cbc19-995c-4b2c-b421-b2ea53195082	1500	BT15_BT1	WT	0
8b71e9cb-7ce7-4ffc-8d6f-7ff15f17954b	2000	BT15_BT1	WT	0
d4fba926-2db8-4c0b-857d-4bc15feea9eb	3100	BT15_BT1	WT	0
d4fba926-2db8-4c0b-857d-4bc15feea9eb	2800	BT15_BT1	WT	0
65aa44d4-9610-4955-ac98-378dae7a7309	3050	BT15_BT1	WT	0
176eca9a-b7a3-4fc9-beee-3dd136fbde65	2450	BT15_BT1	WT	0
7e261dec-b28d-45fc-9a14-6f2f4f03c079	1850	BT15_BT1	WT	0
590a9450-cf7d-4393-8e25-120970667048	850	BT15_BT1	WT	0
6c295e6c-efbc-45e1-8843-564bffc51780	2650	BT15_BT1	WT	0
4bf4902c-9130-4756-8170-9953eebc4b41	1900	BT15_BT1	WT	0
5458efd0-363d-46c9-9a3e-694cb18aaf06	2200	BT15_BT1	WT	0
78d45c2e-e1d4-48bf-9129-f9b5380678ba	2650	BT15_BT1	WT	0
5203152b-b07a-45d7-9bd8-2631748f208b	2150	BT15_BT1	WT	0
5203152b-b07a-45d7-9bd8-2631748f208b	2250	BT15_BT1	WT	0
84f633d3-7985-4bff-9a84-762b34485538	2300	BT15_BT1	WT	0
ee0bdc50-fc71-481e-b8f2-8fe461db37ce	2350	BT15_BT1	WT	0
42466a70-4fc6-4e60-b8ca-84ef8baa548a	2100	BT15_BT1	WT	0
0ea9795d-162b-4dac-9ffa-5cfe2143ad18	2150	BT15_BT1	WT	0
bd8c4113-2dea-4feb-af49-296426fc634a	1300	BT15_BT1	WT	0
b359dd95-f7ce-436b-8d92-0f96b24e2d13	3550	BT15_BT1	WT	0
b359dd95-f7ce-436b-8d92-0f96b24e2d13	1800	BT15_BT1	WT	0
b359dd95-f7ce-436b-8d92-0f96b24e2d13	1650	BT15_BT1	WT	0
428ba438-e4df-49c2-9e06-86d8e59933da	1800	BT15_BT1	WT	0
3b85c891-d02b-4908-bc07-ad60071ff4c4	2050	BT15_BT1	WT	0
3b85c891-d02b-4908-bc07-ad60071ff4c4	2350	BT15_BT1	WT	0
1272d5fb-f255-49d1-93af-1ce85ca0eacd	2400	BT15_BT1	WT	0
f46d64de-fdaf-4945-810e-b069ab431bbf	2650	BT15_BT1	WT	0
f46d64de-fdaf-4945-810e-b069ab431bbf	2600	BT15_BT1	WT	0
f46d64de-fdaf-4945-810e-b069ab431bbf	2950	BT15_BT1	WT	0
5093e74e-b04b-4f3f-825a-1e38a8c52db4	2250	BT15_BT1	WT	0
733b97b4-0c14-4600-9113-7be7b0936bae	1600	BT15_BT1	WT	0
c6bd9710-8eec-490d-b3ef-4e70728c2cbb	2200	BT15_BT1	WT	0
9dd4c45e-bc2f-4d70-9737-e769ff087b83	2350	BT15_BT1	WT	0
62276394-3f54-47e5-b3b6-95420b080612	2850	BT15_BT1	WT	0
ada4d0ff-d017-4049-8b1a-64c87cb6ddc9	2700	BT15_BT1	WT	0
4851821e-3cc2-4cc4-ba54-ffea66cfa7cd	800	BT15_BT1	WT	0
4851821e-3cc2-4cc4-ba54-ffea66cfa7cd	4300	BT15_BT1	WT	0
a4b81c81-9c8f-47c0-bc64-619b934554c0	2300	BT15_BT1	WT	0
a4b81c81-9c8f-47c0-bc64-619b934554c0	2700	BT15_BT1	WT	0
e1c1f3a0-a19e-4b48-9f41-16180c2c3be7	2250	BT15_BT1	WT	0
e1c1f3a0-a19e-4b48-9f41-16180c2c3be7	2100	BT15_BT1	WT	0
d023958b-22b2-41aa-b1bd-1d520fa1cb46	3100	BT15_BT1	WT	0
d023958b-22b2-41aa-b1bd-1d520fa1cb46	1400	BT15_BT1	WT	0
4b68966a-8902-4b65-ad83-4ea86dce0243	2650	BT15_BT1	WT	0
afe9bf1e-0137-4d49-b3c0-3b3e5ae7df58	2400	BT15_BT1	WT	0
754001b9-2745-4524-afe2-7966221ea396	1900	BT15_BT1	WT	0
24062786-e1a2-41d9-9f32-7867ff57f7b9	2600	BT15_BT1	WT	0
24062786-e1a2-41d9-9f32-7867ff57f7b9	2800	BT15_BT1	WT	0
24062786-e1a2-41d9-9f32-7867ff57f7b9	2800	BT15_BT1	WT	0
bc3d9cd7-b054-4d65-b67f-eb3f85991a06	2550	BT15_BT1	WT	0
bc3d9cd7-b054-4d65-b67f-eb3f85991a06	2450	BT15_BT1	WT	0
0900d825-65e5-4b6e-98b6-c585be3a1729	2650	BT15_BT1	WT	0
e76029d4-93e7-4a72-92b0-b3f5b725ac2f	2700	BT15_BT1	WT	0
e76029d4-93e7-4a72-92b0-b3f5b725ac2f	2550	BT15_BT1	WT	0
4bf9589c-cd93-4501-a90c-80a55dc08962	2900	BT15_BT1	WT	0
4bf9589c-cd93-4501-a90c-80a55dc08962	2450	BT15_BT1	WT	0
893a2f6d-ea9c-4170-88f8-12b46632484c	2700	BT15_BT1	WT	0
70c84491-0f9a-4ac4-a18e-e117bc3b2d06	2700	BT15_BT1	WT	0
2132b52e-5a04-41ac-b1be-6c60e40e9209	2950	BT15_BT1	WT	0
88716a73-4abb-4199-9405-73d385829193	2000	BT15_BT1	WT	0
8640863a-43e4-486a-bba8-ad5b9030dbf6	2150	BT15_BT1	WT	0
bcc38b99-adda-41ff-bf00-630528052fd1	1450	BT15_BT1	WT	0
43bdc35c-c697-4b5c-b7d1-a269465b2d42	2700	BT15_BT1	WT	0
ca4667d8-ea38-43e3-8ffd-f84f2a5d025f	2800	BT15_BT1	WT	0
d522bbe7-f48b-420c-9bee-ed227581ea09	2750	BT15_BT1	WT	0
680a59a4-4666-46bb-96d0-224095ad9e5b	2850	BT15_BT1	WT	0
a171db5c-fc17-48e4-a6f3-7eeb74e54bde	2600	BT15_BT1	WT	0
0d29569a-26a9-408b-9dac-2d274ccf9aa1	3750	BT15_BT1	WT	0
31b40f1b-0575-4d83-a0b1-eab532de26eb	3050	BT15_BT1	WT	0
4dc1cb6f-cc5d-46dc-874e-fd820f4c9955	2650	BT15_BT1	WT	0
60830beb-d105-4d83-967d-d773a48aa5c5	2250	BT15_BT1	WT	0
60830beb-d105-4d83-967d-d773a48aa5c5	2350	BT15_BT1	WT	0
8874b5e9-b0c3-4ef7-9c04-9a15b030d746	2700	BT15_BT1	WT	0
8874b5e9-b0c3-4ef7-9c04-9a15b030d746	2550	BT15_BT1	WT	0
ea5a715a-1955-4666-82aa-1b2f7d5ede9a	2500	BT15_BT1	WT	0
feae3408-9715-4e8e-b047-d33934cda37b	2900	BT15_BT1	WT	0
4645cb9c-628f-436e-b5f5-e00532d6d746	900	BT15_BT1	WT	0
a4d12ffd-0202-4215-810d-587dc890ce1d	2550	BT15_BT1	WT	0
a701491d-e554-47c6-a26f-af32519b0a0c	2300	BT15_BT1	WT	0
a701491d-e554-47c6-a26f-af32519b0a0c	3050	BT15_BT1	WT	0
a701491d-e554-47c6-a26f-af32519b0a0c	2500	BT15_BT1	WT	0
60b2c5c1-34d1-4521-ba5b-5a194ef0d994	2600	BT15_BT1	WT	0
60b2c5c1-34d1-4521-ba5b-5a194ef0d994	3250	BT15_BT1	WT	0
0b031227-cef5-4942-b531-46a9d30f351a	2600	BT15_BT1	WT	0
0b031227-cef5-4942-b531-46a9d30f351a	2400	BT15_BT1	WT	0
0b031227-cef5-4942-b531-46a9d30f351a	1650	BT15_BT1	WT	0
30f29d50-0253-455e-a277-02f51e6349ee	3100	BT15_BT1	WT	0
217b05f4-323d-44e6-a70a-2e973b7bead2	2750	BT15_BT1	WT	0
217b05f4-323d-44e6-a70a-2e973b7bead2	1400	BT15_BT1	WT	0
217b05f4-323d-44e6-a70a-2e973b7bead2	2050	BT15_BT1	WT	0
217b05f4-323d-44e6-a70a-2e973b7bead2	1700	BT15_BT1	WT	0
25cc7dc5-9f05-41d1-af9a-a3144ae5db4d	2200	BT15_BT1	WT	0
4facd344-5f38-4590-b31f-2449d8bc8f6e	2800	BT15_BT1	WT	0
34730fa5-b457-4562-830d-8ae2b8fef811	3400	BT15_BT1	WT	0
34730fa5-b457-4562-830d-8ae2b8fef811	2600	BT15_BT1	WT	0
3705efb6-855e-4911-af17-09623b45724d	2550	BT15_BT1	WT	0
a2af7af4-d850-413f-a918-c85c5b062d9a	1750	BT15_BT1	WT	0
8b3e63eb-dc45-4aa8-9e0b-94065c3942aa	2050	BT15_BT1	WT	0
18ba618a-30d8-4cee-9595-0f95d68166b7	3000	BT15_BT1	WT	0
08638b1a-6b98-485a-9ee6-686159a49bd2	2400	BT15_BT1	WT	0
5e0251b7-911f-4ea7-aa5c-b5342e23b62c	2550	BT15_BT1	WT	0
5e0251b7-911f-4ea7-aa5c-b5342e23b62c	2550	BT15_BT1	WT	0
1d8a688a-9386-47fb-b1a1-f117648710e5	2850	BT15_BT1	WT	0
5edd5375-a629-441e-afe3-36247708a022	1950	BT15_BT1	WT	0
55dd6871-3adc-4451-82db-9bcf2e0a0843	2500	BT15_BT1	WT	0
f910876b-79f1-497e-a81c-4025ed9525ef	1250	BT15_BT1	WT	0
d434f257-e7ce-496d-92ad-1b2c3c706d51	1550	BT15_BT1	WT	0
b387a34a-7f2e-4bf8-ac70-b24ae97c8f65	2500	BT15_BT1	WT	0
b387a34a-7f2e-4bf8-ac70-b24ae97c8f65	2800	BT15_BT1	WT	0
8ba873b9-168c-480b-9d3b-0db6ef7c5220	3200	BT15_BT1	WT	0
8ba873b9-168c-480b-9d3b-0db6ef7c5220	2500	BT15_BT1	WT	0
8ba873b9-168c-480b-9d3b-0db6ef7c5220	1500	BT15_BT1	WT	0
2e46420a-cbb9-4ec1-9f36-3579dad6c128	3100	BT15_BT1	WT	0
97f524da-8b63-4ec2-91a0-8879f33ff71b	2350	BT15_BT1	WT	0
2c82f232-dcca-4d06-86ea-8a1e0d866738	850	BT15_BT1	WT	0
d2465b59-959e-44a1-97cd-f3c5fd7605c7	2500	BT15_BT1	WT	0
f5d3c3f1-4e62-4c9b-bbdb-02beb1bb6d7c	2400	BT15_BT1	WT	0
5b3587cc-391c-476a-ae22-3285dde0d2dc	1550	BT15_BT1	WT	0
f7122d08-8f2a-480f-aedb-2263d98099a7	2700	BT15_BT1	WT	0
a7051a29-6970-4fb4-b1b6-bf293a81882f	2250	BT15_BT1	WT	0
d070b523-1608-4182-8e40-213972a8527f	2900	BT15_BT1	WT	0
24c75c7f-92e9-4f3f-83a7-3ae0f5d7bf2b	3950	BT15_BT1	WT	0
3d1fbe0c-e82c-4673-8ed6-1c3c325ff8e4	2500	BT15_BT1	WT	0
1e960e95-e4d4-4d88-9045-62243fdd5d71	2950	BT15_BT1	WT	0
6587ba65-d3b7-40a4-957b-fa86e81a3ba4	1400	BT15_BT1	WT	0
cfa05470-ed5c-4de2-b8f0-cabc48931ac4	2650	BT15_BT1	WT	0
510babfe-7b44-4093-abac-9f330e269265	2100	BT15_BT1	WT	0
510babfe-7b44-4093-abac-9f330e269265	3000	BT15_BT1	WT	0
e0239382-1646-49fa-9cb5-23edb28e6589	1500	BT15_BT1	WT	0
ee2a79fc-b93c-42de-bc9d-b3c5fd4211e3	2500	BT15_BT1	WT	0
ee2a79fc-b93c-42de-bc9d-b3c5fd4211e3	1850	BT15_BT1	WT	0
7c4fd9fc-5a12-412e-96c4-68e1e17665b8	2500	BT15_BT1	WT	0
f48566a2-bad0-40ed-b14f-b8b1e6c35f1d	2700	BT15_BT1	WT	0
c4a12e8b-e575-4d8c-a7d7-52513e92dfe2	1400	BT15_BT1	WT	0
008adaa7-fa11-472c-a910-72e9502a615d	2500	BT15_BT1	WT	0
9e696a0c-a1c5-482b-990a-ccb478343a4e	1650	BT15_BT1	WT	0
f7724aaf-b650-4c20-8b34-cd620f624f62	1550	BT15_BT1	WT	0
b72b94ba-d1cf-4cd3-8fe7-393a1e9ad544	2200	BT15_BT1	WT	0
f9195d0a-132a-4f59-8dd9-9af0a22a5a01	1150	BT15_BT1	WT	0
dce022ee-aa61-4786-b30f-78549a432f65	2600	BT15_BT1	WT	0
8a90b4d8-5168-40fb-8dae-c7ff9e4b67dc	950	BT15_BT1	WT	0
e97b6eaf-fc6c-4438-91c0-f522366a7b83	850	BT15_BT1	WT	0
e97b6eaf-fc6c-4438-91c0-f522366a7b83	3500	BT15_BT1	WT	0
06d7ebb7-bbfe-4bd1-abac-228266fd5824	2500	BT15_BT1	WT	0
5a75e9f7-ada1-47ba-8c81-53d8b4328e7f	750	BT15_BT1	WT	0
e421102a-e89a-4b88-a0fc-d3cafa7577d0	1950	BT15_BT1	WT	0
4d6f04ea-e9b9-4507-8cfa-bfc5d49cb273	1000	BT15_BT1	WT	0
4d6f04ea-e9b9-4507-8cfa-bfc5d49cb273	2050	BT15_BT1	WT	0
4d6f04ea-e9b9-4507-8cfa-bfc5d49cb273	1250	BT15_BT1	WT	0
4d6f04ea-e9b9-4507-8cfa-bfc5d49cb273	2500	BT15_BT1	WT	0
2b244b4f-4e34-409e-b896-e2e14b5a334d	8000	BT15_BT1	WT	0
2b244b4f-4e34-409e-b896-e2e14b5a334d	1400	BT15_BT1	WT	0
e5e064e4-a52d-4a7f-be53-8facf529fff6	800	BT15_BT1	WT	0
6993ab10-b585-45d6-81db-ad8ccd305cf6	2300	BT15_BT1	WT	0
8acbeab9-9acc-4f88-89b0-1d2d99e36e50	3800	BT15_BT1	WT	0
59cf5fc2-705a-4c3c-ab0b-9c9a4f5c47ba	1850	BT15_BT1	WT	0
e4e95c05-4800-484a-a0c1-798f700c0c02	1250	BT15_BT1	WT	0
e4e95c05-4800-484a-a0c1-798f700c0c02	2550	BT15_BT1	WT	0
e4e95c05-4800-484a-a0c1-798f700c0c02	1050	BT15_BT1	WT	0
51b31785-2892-4727-969b-cd22d9bb53e7	4200	BT15_BT1	WT	0
9ac34a06-da5e-4f7f-b2c2-7beac458e3e5	1150	BT15_BT1	WT	0
235772d7-df91-45bd-8ee2-9cbcad3589d3	1250	BT15_BT1	WT	0
235772d7-df91-45bd-8ee2-9cbcad3589d3	1700	BT15_BT1	WT	0
235772d7-df91-45bd-8ee2-9cbcad3589d3	950	BT15_BT1	WT	0
1fcb68e9-3e27-4978-b687-a08cc14e5c0c	2550	BT15_BT1	WT	0
1fcb68e9-3e27-4978-b687-a08cc14e5c0c	4300	BT15_BT1	WT	0
ebb0197a-20f8-4054-bb3c-eef6f44bc6b4	1650	BT15_BT1	WT	0
1d0ae5c9-1ded-47fd-baaf-663fcdc28d6b	1800	BT15_BT1	WT	0
273f8ac6-4b06-44eb-8cd3-33cc70f7d73c	900	BT15_BT1	WT	0
54f7f826-24de-4e87-a182-4689f545e208	2650	BT15_BT1	WT	0
c7b1b6aa-7bf0-4b08-84bf-655e072f7da0	2600	BT15_BT1	WT	0
b535d985-c05e-463d-a8c3-59145b20155e	2050	BT15_BT1	WT	0
85b721f9-0a6e-48e1-b2cd-34bb7efdbbf0	1750	BT15_BT1	WT	0
5ecc3de8-42c7-44c9-810b-7f2a48ee10b9	950	BT15_BT1	WT	0
5ecc3de8-42c7-44c9-810b-7f2a48ee10b9	1900	BT15_BT1	WT	0
5ecc3de8-42c7-44c9-810b-7f2a48ee10b9	4000	BT15_BT1	WT	0
5ecc3de8-42c7-44c9-810b-7f2a48ee10b9	800	BT15_BT1	WT	0
d273fd3a-8fc1-4b3b-a553-be9a5fa981a8	1200	BT15_BT1	WT	0
d273fd3a-8fc1-4b3b-a553-be9a5fa981a8	1300	BT15_BT1	WT	0
d273fd3a-8fc1-4b3b-a553-be9a5fa981a8	2650	BT15_BT1	WT	0
d273fd3a-8fc1-4b3b-a553-be9a5fa981a8	4700	BT15_BT1	WT	0
4d73c7a7-8ee6-4a30-b2fa-c6ead01f6ebb	2400	BT15_BT1	WT	0
4d73c7a7-8ee6-4a30-b2fa-c6ead01f6ebb	1050	BT15_BT1	WT	0
4d73c7a7-8ee6-4a30-b2fa-c6ead01f6ebb	2600	BT15_BT1	WT	0
6403e8d7-130a-4094-b36f-f0dc780b8c14	1550	BT15_BT1	WT	0
6403e8d7-130a-4094-b36f-f0dc780b8c14	850	BT15_BT1	WT	0
40c68fcf-cade-4ed4-8b42-68f167b10bcd	1950	BT15_BT1	WT	0
40c68fcf-cade-4ed4-8b42-68f167b10bcd	3200	BT15_BT1	WT	0
e08ce47c-67e9-417a-908b-bbc41b565bd3	1250	BT15_BT1	WT	0
cae25a19-ee31-4c4e-ac79-e68783fe903d	850	BT15_BT1	WT	0
6c59dd77-c0ef-4589-a5ca-faaede05be7a	3550	BT15_BT1	WT	0
3a4fe716-a680-4786-af78-d083a4fbf4e3	1900	BT15_BT1	WT	0
760cea6d-f997-48bf-97ed-dc3a364903bf	1200	BT15_BT1	WT	0
f29c8749-838d-4405-9574-ac71fb7fbcda	900	BT15_BT1	WT	0
a17640c5-a9a7-4ed8-8954-cb68e16c0667	1750	BT15_BT1	WT	0
ca36533c-7ed6-448d-94a3-52ece1190ca6	2100	BT15_BT1	WT	0
a21ee830-0c11-4c1c-a7b0-9d5885ae9a82	1600	BT15_BT1	WT	0
a21ee830-0c11-4c1c-a7b0-9d5885ae9a82	1350	BT15_BT1	WT	0
94937440-f4ee-4d2a-a376-d5e26213d9b9	1550	BT15_BT1	WT	0
ecfe052a-d513-46a3-87f8-8f0391453002	2900	BT15_BT1	WT	0
ecfe052a-d513-46a3-87f8-8f0391453002	1050	BT15_BT1	WT	0
ecfe052a-d513-46a3-87f8-8f0391453002	1650	BT15_BT1	WT	0
0c6716d8-7350-45b7-8d9a-0cad76c93e4b	1600	BT15_BT1	WT	0
0c6716d8-7350-45b7-8d9a-0cad76c93e4b	1550	BT15_BT1	WT	0
4ac3a0ad-241e-43aa-b3c2-463a0278a286	2250	BT15_BT1	WT	0
12a7ca08-709d-429b-af1d-904a88d08b6b	3200	BT15_BT1	WT	0
12a7ca08-709d-429b-af1d-904a88d08b6b	1900	BT15_BT1	WT	0
ff07c6d6-cd25-4ca5-9653-f9fc7e1b24cd	1950	BT15_BT1	WT	0
4b5b455e-7da2-4044-afdf-7e65084670b1	700	BT15_BT1	WT	0
4b5b455e-7da2-4044-afdf-7e65084670b1	2450	BT15_BT1	WT	0
1f8998a2-3e1b-4532-ab4e-3ece1d4c564c	750	BT15_BT1	WT	0
27ca63fd-0d2d-4e43-bb18-cbc5bfbb5ab7	2750	BT15_BT1	WT	0
94634655-0a30-4b68-a9fd-9e746150a6ce	1850	BT15_BT1	WT	0
0e59d2ae-6228-4681-92a2-17d31efefb55	900	BT15_BT1	WT	0
0e59d2ae-6228-4681-92a2-17d31efefb55	3250	BT15_BT1	WT	0
f5577a67-1dff-449e-bc06-ef824a5b843d	1050	BT15_BT1	WT	0
f5577a67-1dff-449e-bc06-ef824a5b843d	2200	BT15_BT1	WT	0
166a2a10-2778-4277-b92d-14ea71d9dbb2	1500	BT15_BT1	WT	0
c2a13e8f-1427-4845-aba6-30dd1786b5f1	1000	BT15_BT1	WT	0
de9bdb71-9170-4dbb-acdd-33b69f18fa86	2900	BT15_BT1	WT	0
20f41ea1-a2ad-4c69-a59a-00d7dfb7532b	650	BT15_BT1	WT	0
bc11815e-b20c-40bf-a36c-90dc782a6553	900	BT15_BT1	WT	0
37f301a7-0313-4f26-b709-0b1faac8aa96	2750	BT15_BT1	WT	0
8eb01139-d7a7-4171-9c56-df32075b6900	1400	BT15_BT1	WT	0
b3e29dbd-f5f7-429a-8d1e-bc0d3e473df7	2200	BT15_BT1	WT	0
3be15aad-7d1d-45ed-9671-26162ef85e46	2850	BT15_BT1	WT	0
3be15aad-7d1d-45ed-9671-26162ef85e46	1950	BT15_BT1	WT	0
3be15aad-7d1d-45ed-9671-26162ef85e46	1850	BT15_BT1	WT	0
a144db8e-de53-419a-a323-51a57325c4eb	1100	BT15_BT1	WT	0
bd5d1311-110c-405a-a20e-0fc310c0fcdd	1150	BT15_BT1	WT	0
bd5d1311-110c-405a-a20e-0fc310c0fcdd	4050	BT15_BT1	WT	0
7e274bb7-b9dd-4ab4-af86-e37731b9c4de	2650	BT15_BT1	WT	0
2bdece01-028c-4555-8376-c2859c37c079	2800	BT15_BT1	WT	0
934d12c7-ad1b-4837-a6c8-80314c3b2a1a	2500	BT15_BT1	WT	0
d4fc5d54-4b63-4cd2-91ce-f5308cfeea56	1950	BT15_BT1	WT	0
a564176b-1d94-4a77-9745-85409200bfe1	1400	BT15_BT1	WT	0
ee365e00-caec-44d7-b468-f7816c570ff4	1050	BT15_BT1	WT	0
733e4883-4903-4738-88c9-85822054af25	950	BT15_BT1	WT	0
16e09a77-9ef0-4256-9333-1c4f4b844c89	2550	BT15_BT1	WT	0
e480259f-f0b9-4f80-a435-84be84626b96	1350	BT15_BT1	WT	0
